prefecture,year,month,positive,death,population,gdo,gdp,mobility,credit_all,credit_service,pos,travel,eventticket,restaurant_info,joboffer,event_info,travel_info,movie_info
Aichi,2020,1,2,0,7537000,102.13998,101.5884730154671,,,,,,,,,,,
Aichi,2020,2,27,0,7537000,100.61888,100.1363552769447,-1.5,,,,,,,,,,
Aichi,2020,3,149,19,7537000,94.914566,96.24848695975516,-5.75,,,,,,,,,,
Aichi,2020,4,309,14,7537000,87.272331,83.92696578797309,-20.625,,,,,,,,,,
Aichi,2020,5,24,1,7537000,82.387436,78.1328903799933,-20.25,,,,,,,,,,
Aichi,2020,6,17,0,7537000,88.432259,85.79453979522894,-10.75,,,,,,,,,,
Aichi,2020,7,1307,1,7537000,90.969147,89.97009290096234,-12.25,,,,,,,,,,
Aichi,2020,8,2764,30,7537000,93.424889,91.62984992580505,-15.25,,,,,,,,,,
Aichi,2020,9,830,21,7537000,95.162636,95.05623195856167,-10.625,,,,,,,,,,
Aichi,2020,10,864,10,7537000,97.272003,97.87648956917323,-7,,,,,,,,,,
Aichi,2020,11,3832,23,7537000,96.476723,97.10552637980618,-8.125,,,,,,,,,,
Aichi,2020,12,6449,95,7537000,95.808182,95.86572057922693,-12.5,,,,,,,,,,
Aichi,2021,1,7475,186,7537000,,96.49885501036805,-21,,,,,,,,,,
Aichi,2021,2,1841,118,7537000,,,-18.125,,,,,,,,,,
Aichi,2021,3,856,52,7537000,,,-13.5,,,,,,,,,,
Akita,2020,1,0,0,981000,104.33128,101.0612293425268,,,,,,,,,,,
Akita,2020,2,0,0,981000,102.93755,100.9654364992385,1,,,,,,,,,,
Akita,2020,3,6,0,981000,98.515198,96.10416042681587,-3.25,,,,,,,,,,
Akita,2020,4,10,0,981000,93.041519,88.82339476730975,-7.875,,,,,,,,,,
Akita,2020,5,0,0,981000,90.637047,85.70973773364405,1.25,,,,,,,,,,
Akita,2020,6,0,0,981000,95.352982,92.86458764298641,9.875,,,,,,,,,,
Akita,2020,7,2,0,981000,95.291679,93.16604712802942,9.25,,,,,,,,,,
Akita,2020,8,31,0,981000,96.125076,94.29860306377482,15.5,,,,,,,,,,
Akita,2020,9,4,0,981000,97.80233,96.53171930124977,15.875,,,,,,,,,,
Akita,2020,10,10,0,981000,98.910797,97.97980960355837,19.5,,,,,,,,,,
Akita,2020,11,27,1,981000,98.813423,97.47898629874122,9.875,,,,,,,,,,
Akita,2020,12,50,0,981000,98.44455,96.50467152983387,-3,,,,,,,,,,
Akita,2021,1,121,0,981000,,96.63128863477991,-14.75,,,,,,,,,,
Akita,2021,2,8,5,981000,,,-12.25,,,,,,,,,,
Akita,2021,3,8,0,981000,,,-5.125,,,,,,,,,,
Aomori,2020,1,0,0,1263000,102.5151,100.8315503799881,,,,,,,,,,,
Aomori,2020,2,0,0,1263000,101.23714,100.6271425399677,-.5,,,,,,,,,,
Aomori,2020,3,8,0,1263000,98.117966,96.74124061095714,-3,,,,,,,,,,
Aomori,2020,4,18,0,1263000,94.577774,89.73206953110292,-13.625,,,,,,,,,,
Aomori,2020,5,1,1,1263000,92.985039,86.98356361598731,-7.75,,,,,,,,,,
Aomori,2020,6,0,0,1263000,97.250992,93.80951408190272,.125,,,,,,,,,,
Aomori,2020,7,5,0,1263000,96.78392,94.12317261191936,3.75,,,,,,,,,,
Aomori,2020,8,3,0,1263000,98.340652,95.24344259998966,12,,,,,,,,,,
Aomori,2020,9,1,0,1263000,99.092751,97.18245576354126,7.625,,,,,,,,,,
Aomori,2020,10,191,3,1263000,100.61334,98.62388909561245,9.75,,,,,,,,,,
Aomori,2020,11,68,2,1263000,100.48196,97.87286644006005,.125,,,,,,,,,,
Aomori,2020,12,187,2,1263000,99.961349,96.81799760876174,-9,,,,,,,,,,
Aomori,2021,1,235,5,1263000,,96.7606025194597,-19.5,,,,,,,,,,
Aomori,2021,2,99,7,1263000,,,-17.5,,,,,,,,,,
Aomori,2021,3,80,0,1263000,,,-11.75,,,,,,,,,,
Chiba,2020,1,1,0,6255000,100.69497,101.0226477908561,,-3,-2,9,-2,-64.7483105,-3.277171475490098,8.583333,-8.866149598370725,7.856371665993152,5.954023907709874
Chiba,2020,2,12,0,6255000,99.309326,100.5661952700069,-1.5,-2.5,-2.5,4.7037039,10,64.6714326,-6.636040999908787,9.4814816,-8.208554738339181,6.411936894762777,-2.738805302966981
Chiba,2020,3,158,1,6255000,95.468086,95.09396981716965,-3.75,-7,-8.5,1.25,-94,-98.9268386,-20.00516373657396,6.75,-11.43078343578233,-10.0970199578034,-11.03843873301389
Chiba,2020,4,663,31,6255000,88.655472,86.72144245180306,-23,-18,-26.5,5.2666669,-99,-99.80998080000001,-62.03712135731386,-14.433333,-67.6105360206911,-43.83823176569684,-18.75811825585632
Chiba,2020,5,64,13,6255000,85.516945,83.95577027555041,-24.25,-14,-22,2.5,-99,-99.9871667,-50.17671809801767,-31.25,-78.72828882336799,-50.47489548255601,-12.71331845300374
Chiba,2020,6,59,0,6255000,92.700928,92.12276526991096,-12.625,-7,-12.5,1.5,-96,-98.32819240000001,-25.65322110783597,-29.75,-61.58167433506643,-27.55139659314693,-29.73513725377362
Chiba,2020,7,689,4,6255000,92.634247,92.67864297268348,-14.25,-3.5,-6.5,1.2903225,-88,-98.3251801,-12.95469753329607,-28.548388,-54.18347066481486,-3.61347694630367,-45.66223067382226
Chiba,2020,8,1390,13,6255000,94.063751,93.40737089206227,-12.75,-5,-11,1.25,-66,-96.23675950000001,-17.75229128367727,-28.75,-67.31342720384585,-15.77315625757457,-32.05670905174982
Chiba,2020,9,845,9,6255000,95.911324,95.38738303037867,-11.25,-6,-7,-11.962963,-47,-93.92283999999999,2.22101375324072,-26.666666,-55.43347606272302,-1.62210469297608,-.141452043491
Chiba,2020,10,1138,9,6255000,97.001312,97.55516861077817,-9.25,1,-.5,9.9354839,1,-94.50742769999999,1.659899092412068,-22.354839,-65.15151924525493,49.88679182655941,15.01660509173411
Chiba,2020,11,1973,7,6255000,97.008171,96.99983801335445,-9.75,-3,-7.5,.75,5,-74.30126250000001,-12.11553461083597,-15.5,-27.35629341988693,36.18555863582297,8.728327571718621
Chiba,2020,12,4071,31,6255000,95.988609,95.90686317997586,-13,-5,-10.5,1.3225807,-22,-23.6748109,-26.77801278310478,-20.387096,-10.36253980412516,8.39920189135678,-12.85351912191526
Chiba,2021,1,11238,132,6255000,,95.01479561408691,-23.5,-9,-16.5,1.75,-85,-95.9511471,-42.61992549766821,-8.25,-8.493747201705299,-28.42703176404332,-8.301434022240414
Chiba,2021,2,4077,203,6255000,,,-19.375,,,-4,,,-35.76318633959912,-12.25,-45.52889571122602,-40.11593793744236,-.5601309342994192
Chiba,2021,3,2246,87,6255000,,,-17.25,,,-5,,,,,-12.7802176192973,-23.3944014398806,4.66635059855399
Ehime,2020,1,0,0,1352000,101.65711,101.0347525298661,,,,,,,,,,,
Ehime,2020,2,0,0,1352000,99.648125,100.7678710266582,1.25,,,,,,,,,,
Ehime,2020,3,9,0,1352000,97.431831,96.74961898299442,-2,,,,,,,,,,
Ehime,2020,4,38,3,1352000,91.963402,89.33104307141868,-12.5,,,,,,,,,,
Ehime,2020,5,35,1,1352000,89.78476,85.58694962136663,-14.75,,,,,,,,,,
Ehime,2020,6,0,0,1352000,96.231483,92.23052280340973,-7.875,,,,,,,,,,
Ehime,2020,7,7,1,1352000,95.882393,93.17139296516217,-6.5,,,,,,,,,,
Ehime,2020,8,25,1,1352000,96.793808,93.8088595034495,-5,,,,,,,,,,
Ehime,2020,9,0,0,1352000,98.681145,96.16392120712059,-7.75,,,,,,,,,,
Ehime,2020,10,2,0,1352000,100.08155,98.15591783096218,-2.75,,,,,,,,,,
Ehime,2020,11,198,0,1352000,100.23729,97.65397894750502,-4.375,,,,,,,,,,
Ehime,2020,12,151,7,1352000,99.950005,96.56808141927,-10.25,,,,,,,,,,
Ehime,2021,1,528,5,1352000,,96.74318024018017,-20.75,,,,,,,,,,
Ehime,2021,2,70,5,1352000,,,-15.625,,,,,,,,,,
Ehime,2021,3,21,1,1352000,,,-9.875,,,,,,,,,,
Fukui,2020,1,0,0,774000,101.10661,100.8605912125317,,,,,,,,,,,
Fukui,2020,2,0,0,774000,101.16895,101.2469955959001,2.5,,,,,,,,,,
Fukui,2020,3,20,0,774000,97.303055,97.27209889081452,-1.5,,,,,,,,,,
Fukui,2020,4,102,8,774000,93.116341,90.50062476915444,-16.5,,,,,,,,,,
Fukui,2020,5,0,0,774000,92.601768,86.41705573771374,-12.25,,,,,,,,,,
Fukui,2020,6,0,0,774000,97.428131,92.65312401821167,-1,,,,,,,,,,
Fukui,2020,7,17,0,774000,98.889435,93.15899261181042,-1.75,,,,,,,,,,
Fukui,2020,8,89,0,774000,101.29728,94.57412149157196,9.75,,,,,,,,,,
Fukui,2020,9,16,3,774000,101.22095,96.91672938508709,5.625,,,,,,,,,,
Fukui,2020,10,13,0,774000,102.61946,97.89311700444021,9.25,,,,,,,,,,
Fukui,2020,11,59,0,774000,103.13096,97.51504897863528,11.375,,,,,,,,,,
Fukui,2020,12,39,1,774000,102.30254,97.17407330563526,-6.25,,,,,,,,,,
Fukui,2021,1,159,7,774000,,97.8698996574102,-22,,,,,,,,,,
Fukui,2021,2,31,6,774000,,,-12.125,,,,,,,,,,
Fukui,2021,3,8,0,774000,,,-4.5,,,,,,,,,,
Fukuoka,2020,1,0,0,5107000,101.89262,100.8827240055771,,,,,,,,,,,
Fukuoka,2020,2,2,0,5107000,99.828796,100.3008608755952,-2.5,,,,,,,,,,
Fukuoka,2020,3,44,0,5107000,97.561981,96.36562811294421,-5.25,,,,,,,,,,
Fukuoka,2020,4,595,20,5107000,87.107544,88.35459820958253,-21.375,,,,,,,,,,
Fukuoka,2020,5,117,8,5107000,85.464355,84.84382771617946,-22,,,,,,,,,,
Fukuoka,2020,6,92,5,5107000,94.227165,92.42491829588103,-13.375,,,,,,,,,,
Fukuoka,2020,7,1075,1,5107000,95.08268,93.24029173740986,-13.25,,,,,,,,,,
Fukuoka,2020,8,2670,28,5107000,96.087532,94.14481246770052,-13.5,,,,,,,,,,
Fukuoka,2020,9,444,36,5107000,97.433464,96.18641497780801,-10,,,,,,,,,,
Fukuoka,2020,10,187,4,5107000,99.984375,98.38301157373519,-7.5,,,,,,,,,,
Fukuoka,2020,11,600,6,5107000,99.940437,97.71508572424817,-8.125,,,,,,,,,,
Fukuoka,2020,12,3137,11,5107000,99.41732,96.80347273323788,-12.75,,,,,,,,,,
Fukuoka,2021,1,7211,68,5107000,,96.32419758714063,-23.5,,,,,,,,,,
Fukuoka,2021,2,1887,104,5107000,,,-19.375,,,,,,,,,,
Fukuoka,2021,3,689,34,5107000,,,-15.375,,,,,,,,,,
Fukushima,2020,1,0,0,1864000,101.71774,101.0806794514146,,,,,,,,,,,
Fukushima,2020,2,0,0,1864000,100.87885,100.6073246799188,0,,,,,,,,,,
Fukushima,2020,3,4,0,1864000,97.632607,96.0556798740607,-2,,,,,,,,,,
Fukushima,2020,4,69,0,1864000,92.304977,88.62686197297188,-12.875,,,,,,,,,,
Fukushima,2020,5,8,0,1864000,90.106651,84.79922727431418,-14.5,,,,,,,,,,
Fukushima,2020,6,1,0,1864000,94.43383,91.5072814264287,-5.5,,,,,,,,,,
Fukushima,2020,7,7,0,1864000,94.527229,92.51487912077194,-4,,,,,,,,,,
Fukushima,2020,8,72,0,1864000,95.959343,93.60100164936162,1.375,,,,,,,,,,
Fukushima,2020,9,92,3,1864000,97.631699,95.87761244865079,-.875,,,,,,,,,,
Fukushima,2020,10,135,3,1864000,98.700974,98.13381824421717,3.5,,,,,,,,,,
Fukushima,2020,11,113,0,1864000,99.192734,97.71314411286481,1.5,,,,,,,,,,
Fukushima,2020,12,443,14,1864000,98.583046,96.52417409093763,-7.75,,,,,,,,,,
Fukushima,2021,1,783,24,1864000,,96.89425080787437,-18,,,,,,,,,,
Fukushima,2021,2,220,27,1864000,,,-15.625,,,,,,,,,,
Fukushima,2021,3,367,33,1864000,,,-9,,,,,,,,,,
Gifu,2020,1,0,0,1997000,101.21101,101.5274262607357,,,,,,,,,,,
Gifu,2020,2,2,0,1997000,99.51944,100.9809890801352,-1.5,,,,,,,,,,
Gifu,2020,3,24,0,1997000,94.497459,96.53066148614469,-6.75,,,,,,,,,,
Gifu,2020,4,123,6,1997000,90.020889,87.90650430506898,-23.375,,,,,,,,,,
Gifu,2020,5,1,1,1997000,87.592926,83.64277618099794,-23,,,,,,,,,,
Gifu,2020,6,6,0,1997000,91.690353,90.69793936300904,-11.625,,,,,,,,,,
Gifu,2020,7,175,0,1997000,91.984489,92.02875922638354,-14.75,,,,,,,,,,
Gifu,2020,8,224,3,1997000,93.223038,93.20428203523946,-10.25,,,,,,,,,,
Gifu,2020,9,71,0,1997000,94.927368,95.82907602922155,-7,,,,,,,,,,
Gifu,2020,10,60,1,1997000,96.770393,98.29496994749422,-.5,,,,,,,,,,
Gifu,2020,11,386,3,1997000,96.187744,97.99685835785628,0,,,,,,,,,,
Gifu,2020,12,1220,20,1997000,95.706665,96.74274242063981,-12.75,,,,,,,,,,
Gifu,2021,1,1828,35,1997000,,97.08251391276148,-21.5,,,,,,,,,,
Gifu,2021,2,496,41,1997000,,,-18,,,,,,,,,,
Gifu,2021,3,101,11,1997000,,,-13,,,,,,,,,,
Gunma,2020,1,0,0,1952000,100.97414,101.5615064767537,,,,,,,,,,,
Gunma,2020,2,0,0,1952000,100.35337,100.6411843270172,.25,,,,,,,,,,
Gunma,2020,3,19,1,1952000,96.970345,96.44857729410838,-2.25,,,,,,,,,,
Gunma,2020,4,127,15,1952000,88.961182,86.28287623255942,-17.875,,,,,,,,,,
Gunma,2020,5,3,3,1952000,84.898338,81.38696075413131,-19,,,,,,,,,,
Gunma,2020,6,4,0,1952000,90.65361,88.33239283166127,-8.25,,,,,,,,,,
Gunma,2020,7,37,0,1952000,92.174629,91.44764291691858,-9.75,,,,,,,,,,
Gunma,2020,8,250,0,1952000,93.752396,92.76040497645683,-5.25,,,,,,,,,,
Gunma,2020,9,261,0,1952000,95.619576,95.77047514661733,-6.125,,,,,,,,,,
Gunma,2020,10,199,0,1952000,98.120872,98.28964054872506,-.25,,,,,,,,,,
Gunma,2020,11,307,3,1952000,97.817337,97.44327387302779,0,,,,,,,,,,
Gunma,2020,12,1108,22,1952000,96.825363,96.21807078737783,-10.25,,,,,,,,,,
Gunma,2021,1,1552,25,1952000,,96.83503132910423,-19.5,,,,,,,,,,
Gunma,2021,2,635,15,1952000,,,-16,,,,,,,,,,
Gunma,2021,3,317,10,1952000,,,-11.375,,,,,,,,,,
Hiroshima,2020,1,0,0,2817000,101.36775,101.2704683308589,,,,,,,,,,,
Hiroshima,2020,2,0,0,2817000,99.318039,100.3782657693855,.75,,,,,,,,,,
Hiroshima,2020,3,6,0,2817000,96.634605,96.3070417229909,-3.75,,,,,,,,,,
Hiroshima,2020,4,149,2,2817000,89.781418,86.71403583160414,-17.75,,,,,,,,,,
Hiroshima,2020,5,12,1,2817000,87.139664,82.29842023284571,-19.75,,,,,,,,,,
Hiroshima,2020,6,1,0,2817000,92.864799,89.73786532678831,-11.25,,,,,,,,,,
Hiroshima,2020,7,161,0,2817000,93.444283,91.83039915079884,-10.5,,,,,,,,,,
Hiroshima,2020,8,129,0,2817000,94.9702,92.97172953953562,-10.25,,,,,,,,,,
Hiroshima,2020,9,119,0,2817000,96.761917,95.59478624001865,-8,,,,,,,,,,
Hiroshima,2020,10,85,2,2817000,98.275749,98.06374621911299,-5,,,,,,,,,,
Hiroshima,2020,11,195,1,2817000,97.757706,97.54902878779191,-3.875,,,,,,,,,,
Hiroshima,2020,12,2462,29,2817000,97.373085,96.43894345059167,-13.75,,,,,,,,,,
Hiroshima,2021,1,1497,57,2817000,,96.61123741747132,-21.75,,,,,,,,,,
Hiroshima,2021,2,209,10,2817000,,,-18.25,,,,,,,,,,
Hiroshima,2021,3,62,1,2817000,,,-13.25,,,,,,,,,,
Hokkaido,2020,1,1,0,5286000,101.48499,100.7863534584965,,,,,,,,,,,
Hokkaido,2020,2,69,2,5286000,100.79387,100.1267313264316,-6,,,,,,,,,,
Hokkaido,2020,3,107,5,5286000,95.902832,96.0089015167876,-16.5,,,,,,,,,,
Hokkaido,2020,4,590,22,5286000,92.876381,88.63409981703582,-18,,,,,,,,,,
Hokkaido,2020,5,324,57,5286000,91.425774,85.96672664797644,-19.25,,,,,,,,,,
Hokkaido,2020,6,172,13,5286000,96.429871,93.43314929765025,-7.375,,,,,,,,,,
Hokkaido,2020,7,165,4,5286000,96.324409,93.82468427612727,1,,,,,,,,,,
Hokkaido,2020,8,353,0,5286000,97.168327,94.59598577793808,1.75,,,,,,,,,,
Hokkaido,2020,9,326,4,5286000,98.814972,96.55931175826105,.75,,,,,,,,,,
Hokkaido,2020,10,1029,3,5286000,100.18781,98.39000428751845,1,,,,,,,,,,
Hokkaido,2020,11,5732,84,5286000,99.698273,97.43313830526496,-12.375,,,,,,,,,,
Hokkaido,2020,12,4570,259,5286000,98.847412,96.40360280830329,-16.25,,,,,,,,,,
Hokkaido,2021,1,4007,149,5286000,,95.59299439750581,-22.5,,,,,,,,,,
Hokkaido,2021,2,1648,75,5286000,,,-22,,,,,,,,,,
Hokkaido,2021,3,1278,54,5286000,,,-19.25,,,,,,,,,,
Hyogo,2020,1,0,0,5484000,101.81701,101.1629742797392,,,,,,,,,,,
Hyogo,2020,2,0,0,5484000,100.74243,100.5553327584435,-.5,,,,,,,,,,
Hyogo,2020,3,148,11,5484000,96.650032,96.05253988472076,-4.5,,,,,,,,,,
Hyogo,2020,4,498,16,5484000,89.380257,87.76936698168373,-20.875,,,,,,,,,,
Hyogo,2020,5,53,15,5484000,86.078323,84.13026973500378,-21,,,,,,,,,,
Hyogo,2020,6,7,3,5484000,92.564789,91.10841805519298,-11,,,,,,,,,,
Hyogo,2020,7,514,0,5484000,93.444801,92.35743097069475,-10.75,,,,,,,,,,
Hyogo,2020,8,1055,8,5484000,94.262917,93.03409540935264,-11.25,,,,,,,,,,
Hyogo,2020,9,442,6,5484000,95.883171,95.17999955383824,-9.875,,,,,,,,,,
Hyogo,2020,10,533,4,5484000,97.096352,97.75168853982689,-6.5,,,,,,,,,,
Hyogo,2020,11,2372,18,5484000,97.162735,97.36542866443081,-6.25,,,,,,,,,,
Hyogo,2020,12,4378,130,5484000,96.316437,96.08653514165779,-12.25,,,,,,,,,,
Hyogo,2021,1,6466,191,5484000,,96.45172694496657,-21,,,,,,,,,,
Hyogo,2021,2,1502,128,5484000,,,-17.75,,,,,,,,,,
Hyogo,2021,3,937,42,5484000,,,-12.25,,,,,,,,,,
Ibaraki,2020,1,0,0,2877000,101.63344,101.6701941050367,,,,,,,,,,,
Ibaraki,2020,2,0,0,2877000,100.93187,101.2893000611089,-.5,,,,,,,,,,
Ibaraki,2020,3,24,0,2877000,98.050453,97.26152063362056,-3,,,,,,,,,,
Ibaraki,2020,4,139,7,2877000,92.142426,90.06051327788177,-19.625,,,,,,,,,,
Ibaraki,2020,5,5,3,2877000,88.222473,85.91697739539705,-21,,,,,,,,,,
Ibaraki,2020,6,6,0,2877000,93.51413,91.88734922764841,-10,,,,,,,,,,
Ibaraki,2020,7,120,0,2877000,94.51062,93.38211630283602,-11.25,,,,,,,,,,
Ibaraki,2020,8,251,3,2877000,96.231323,93.90251009925213,-10,,,,,,,,,,
Ibaraki,2020,9,112,4,2877000,97.715958,95.85475650569728,-9.25,,,,,,,,,,
Ibaraki,2020,10,111,1,2877000,99.888039,98.45633785502559,-6,,,,,,,,,,
Ibaraki,2020,11,793,3,2877000,100.11574,98.08954805606557,-5.75,,,,,,,,,,
Ibaraki,2020,12,885,15,2877000,98.845734,96.3800204048343,-11.75,,,,,,,,,,
Ibaraki,2021,1,2372,26,2877000,,98.00740807829602,-19,,,,,,,,,,
Ibaraki,2021,2,937,47,2877000,,,-15.75,,,,,,,,,,
Ibaraki,2021,3,644,14,2877000,,,-10.875,,,,,,,,,,
Ishikawa,2020,1,0,0,1143000,101.77776,101.8641277426191,,,,,,,,,,,
Ishikawa,2020,2,6,0,1143000,100.33279,101.4003349772339,-1.75,,,,,,,,,,
Ishikawa,2020,3,7,0,1143000,94.081329,96.51955477075761,-7,,,,,,,,,,
Ishikawa,2020,4,238,8,1143000,91.781242,89.47843042358755,-22.125,,,,,,,,,,
Ishikawa,2020,5,47,17,1143000,88.632416,85.4025310058796,-21.5,,,,,,,,,,
Ishikawa,2020,6,2,2,1143000,93.863457,92.26665766743174,-9.375,,,,,,,,,,
Ishikawa,2020,7,21,0,1143000,94.521423,92.99389214926212,-7.5,,,,,,,,,,
Ishikawa,2020,8,305,6,1143000,95.406647,92.86852416999047,-5.125,,,,,,,,,,
Ishikawa,2020,9,150,14,1143000,96.113312,95.6063136593243,-6.5,,,,,,,,,,
Ishikawa,2020,10,34,2,1143000,97.339447,97.76288677425705,-1.5,,,,,,,,,,
Ishikawa,2020,11,43,1,1143000,96.731171,97.91893455539271,2.5,,,,,,,,,,
Ishikawa,2020,12,218,1,1143000,96.299301,96.70396007699705,-12.25,,,,,,,,,,
Ishikawa,2021,1,391,7,1143000,,97.53356935029628,-27,,,,,,,,,,
Ishikawa,2021,2,389,4,1143000,,,-21,,,,,,,,,,
Ishikawa,2021,3,43,1,1143000,,,-13,,,,,,,,,,
Iwate,2020,1,0,0,1241000,101.15394,101.1227636860503,,,,,,,,,,,
Iwate,2020,2,0,0,1241000,99.207375,100.751680955344,0,,,,,,,,,,
Iwate,2020,3,0,0,1241000,95.489655,96.43564735895733,-2.75,,,,,,,,,,
Iwate,2020,4,0,0,1241000,91.525162,89.00356194880216,-9.25,,,,,,,,,,
Iwate,2020,5,0,0,1241000,90.239624,85.39624899239512,-9,,,,,,,,,,
Iwate,2020,6,0,0,1241000,94.812943,92.20137444987162,-.5,,,,,,,,,,
Iwate,2020,7,4,0,1241000,94.166542,92.89880078181982,-.25,,,,,,,,,,
Iwate,2020,8,15,0,1241000,95.670578,93.87476744486001,5.5,,,,,,,,,,
Iwate,2020,9,4,0,1241000,96.698326,96.03330449330512,6.125,,,,,,,,,,
Iwate,2020,10,4,0,1241000,97.848915,98.16092059820826,10.25,,,,,,,,,,
Iwate,2020,11,167,3,1241000,97.409988,97.73065463548571,3.75,,,,,,,,,,
Iwate,2020,12,191,21,1241000,96.785652,96.48663745532396,-5.75,,,,,,,,,,
Iwate,2021,1,111,3,1241000,,96.72039548019207,-14,,,,,,,,,,
Iwate,2021,2,58,3,1241000,,,-13.25,,,,,,,,,,
Iwate,2021,3,33,0,1241000,,,-7.375,,,,,,,,,,
Japan,2020,1,11,0,,,,,,,,,,,,,,
Japan,2020,2,207,5,,,,-1,,,,,,,,,,
Japan,2020,3,1935,61,,,,-5,,,,,,,,,,
Japan,2020,4,11949,391,,,,-23.75,,,,,,,,,,
Japan,2020,5,2432,441,,,,-24.25,,,,,,,,,,
Japan,2020,6,1741,75,,,,-13.375,,,,,,,,,,
Japan,2020,7,17377,39,,,,-14.25,,,,,,,,,,
Japan,2020,8,31935,287,,,,-12.5,,,,,,,,,,
Japan,2020,9,15025,275,,,,-11.25,,,,,,,,,,
Japan,2020,10,17523,195,,,,-7.5,,,,,,,,,,
Japan,2020,11,47149,382,,,,-8.375,,,,,,,,,,
Japan,2020,12,86565,1340,,,,-14,,,,,,,,,,
Japan,2021,1,154664,2260,,,,-23.75,,,,,,,,,,
Japan,2021,2,41801,2144,,,,-19.75,,,,,,,,,,
Japan,2021,3,24049,939,,,,-16.25,,,,,,,,,,
Kagawa,2020,1,0,0,962000,101.92578,101.0319204642259,,,,,,,,,,,
Kagawa,2020,2,0,0,962000,100.86684,100.5096992792029,2.5,,,,,,,,,,
Kagawa,2020,3,2,0,962000,98.583031,96.85410255490756,-1.75,,,,,,,,,,
Kagawa,2020,4,26,0,962000,93.08062,89.24682809342204,-19.375,,,,,,,,,,
Kagawa,2020,5,0,0,962000,90.670288,85.43523421601519,-20.75,,,,,,,,,,
Kagawa,2020,6,0,0,962000,98.472282,91.93946990728818,-11.5,,,,,,,,,,
Kagawa,2020,7,18,0,962000,97.877525,93.07984213759208,-9.25,,,,,,,,,,
Kagawa,2020,8,32,1,962000,99.444595,93.84063133404004,-9.5,,,,,,,,,,
Kagawa,2020,9,16,1,962000,100.96532,96.11136857245252,-7.25,,,,,,,,,,
Kagawa,2020,10,8,0,962000,101.92435,98.25479358073278,-2.5,,,,,,,,,,
Kagawa,2020,11,46,0,962000,102.32018,97.70981956119191,-1.875,,,,,,,,,,
Kagawa,2020,12,156,1,962000,102.14573,96.79325268513637,-9.25,,,,,,,,,,
Kagawa,2021,1,339,12,962000,,96.84012026634025,-18.75,,,,,,,,,,
Kagawa,2021,2,107,3,962000,,,-15.5,,,,,,,,,,
Kagawa,2021,3,26,0,962000,,,-10.375,,,,,,,,,,
Kagoshima,2020,1,0,0,1614000,101.39511,100.8859634022112,,,,,,,,,,,
Kagoshima,2020,2,0,0,1614000,100.02496,100.450343185496,-.25,,,,,,,,,,
Kagoshima,2020,3,1,0,1614000,97.610947,96.18697915290988,-4,,,,,,,,,,
Kagoshima,2020,4,9,0,1614000,91.347588,89.12849143143131,-14.25,,,,,,,,,,
Kagoshima,2020,5,0,0,1614000,91.363594,86.65814585326643,-17.75,,,,,,,,,,
Kagoshima,2020,6,1,0,1614000,96.826927,93.59448905693621,-13.625,,,,,,,,,,
Kagoshima,2020,7,241,1,1614000,95.234612,94.10221443612686,-16.5,,,,,,,,,,
Kagoshima,2020,8,110,10,1614000,98.180283,94.70366421028304,-9.75,,,,,,,,,,
Kagoshima,2020,9,55,1,1614000,99.298553,96.65159938066469,-10.25,,,,,,,,,,
Kagoshima,2020,10,53,1,1614000,100.84349,98.44834001723271,-5.5,,,,,,,,,,
Kagoshima,2020,11,159,0,1614000,99.779114,97.46415366392601,-3.75,,,,,,,,,,
Kagoshima,2020,12,387,1,1614000,99.987137,96.56890395451501,-8.25,,,,,,,,,,
Kagoshima,2021,1,606,5,1614000,,96.17888826416436,-19,,,,,,,,,,
Kagoshima,2021,2,139,7,1614000,,,-16.25,,,,,,,,,,
Kagoshima,2021,3,13,2,1614000,,,-10.75,,,,,,,,,,
Kanagawa,2020,1,0,0,9177000,101.56631,101.3470153302002,,-1.5,0,.75,-15,92.89196750000001,1.173834978601587,21.833334,-12.4091387689011,2.272930131921231,2.01911831382137
Kanagawa,2020,2,21,1,9177000,100.25696,100.6903216090027,-.75,-.5,-.5,5.6296296,-24,-55.5680764,-4.730314042728629,19.962963,-9.936589178291204,.6558254665623869,-6.978234582402474
Kanagawa,2020,3,120,5,9177000,96.373276,96.37936960004343,-3.5,-6.5,-7,12.75,-73,-70.98971419999999,-23.09314740270077,7.75,-14.30247583692619,-10.23509099627488,-16.99420385480085
Kanagawa,2020,4,881,28,9177000,89.488556,88.40583310918674,-25.25,-18,-26,19.766666,-97,-99.788466,-67.75398449552659,-12.666667,-65.59569052953447,-43.15246342597943,-25.50138663382839
Kanagawa,2020,5,344,52,9177000,85.534271,84.44375095728567,-27.75,-13.5,-22,15,-98,-99.8378082,-58.98683410507656,-30.75,-78.27461823938617,-54.17266234129939,-21.97618609018177
Kanagawa,2020,6,133,10,9177000,92.567848,92.06672824589774,-14.625,-6.5,-11.5,8,-85,-99.8951368,-35.77151897590274,-31,-63.89135740973582,-31.14522195883177,-36.41369279617015
Kanagawa,2020,7,983,3,9177000,93.680489,93.42708802058144,-17,-6,-9,8.5806456,-69,-94.8257717,-24.79165934452168,-28.354839,-58.04407997463711,-12.36663169738489,-50.66339943811843
Kanagawa,2020,8,2475,24,9177000,95.167793,93.70181240974111,-15.25,-6,-10.5,7.5,-33,-89.957328,-25.95267728888408,-27.75,-66.71364872914275,-21.68360339325457,-39.77197209886689
Kanagawa,2020,9,1936,15,9177000,96.664841,95.7363978941416,-12.875,-6,-7,-.11111111,16,-82.2815023,-15.81291178234101,-29.222221,-55.52109400223935,-7.622239540233397,-10.14860754142823
Kanagawa,2020,10,1815,33,9177000,98.463387,98.14753272580218,-10.75,2,-1,8.4516125,120,-79.35114799999999,-7.262572100770514,-22.612904,-68.57900397335992,46.07557004935065,7.616689181933755
Kanagawa,2020,11,3844,26,9177000,98.082619,97.64953129514747,-10.375,-4,-7.5,6,139,-74.0790787,-16.50604040681512,-17.75,-35.64646845578979,31.71787666837578,1.768787733253485
Kanagawa,2020,12,8707,79,9177000,97.460747,96.07804739764512,-13.25,-8,-14,6.6451612,56,-75.4666014,-32.98845454447219,-15.064516,-16.1302146532557,3.420409951716622,-17.92357887137329
Kanagawa,2021,1,19501,197,9177000,,96.57860829231493,-24.5,-9.5,-18.5,12.75,-72,-79.3579326,-43.66358694966654,4.5,-11.20411742800095,-35.27659678413379,-19.92924637876195
Kanagawa,2021,2,4137,208,9177000,,,-20.375,,,1.5,,,-38.63683923773811,-2,-50.71246586803768,-46.2304532504852,-13.52077504833708
Kanagawa,2021,3,2186,84,9177000,,,-17.75,,,-2,,,,,-40.871744651186,-31.5722427086825,-8.920810179299989
Kochi,2020,1,0,0,706000,100.83299,100.9120169238084,,,,,,,,,,,
Kochi,2020,2,1,0,706000,99.585335,100.2969923722021,3.5,,,,,,,,,,
Kochi,2020,3,16,0,706000,97.95208,96.2501076231821,-3.75,,,,,,,,,,
Kochi,2020,4,57,3,706000,92.662285,89.43951224272888,-17,,,,,,,,,,
Kochi,2020,5,0,0,706000,90.664406,87.00133204704149,-16.5,,,,,,,,,,
Kochi,2020,6,0,0,706000,98.176353,94.59183290089918,-9.375,,,,,,,,,,
Kochi,2020,7,6,0,706000,97.379784,94.43992642838519,-7.25,,,,,,,,,,
Kochi,2020,8,45,0,706000,98.421768,95.10764309466781,-2.5,,,,,,,,,,
Kochi,2020,9,13,1,706000,100.26216,97.07838301364696,-6,,,,,,,,,,
Kochi,2020,10,6,0,706000,101.60461,98.94678911932398,-.5,,,,,,,,,,
Kochi,2020,11,8,0,706000,100.88249,98.23569389570305,-.25,,,,,,,,,,
Kochi,2020,12,511,3,706000,100.78718,97.24459534581682,-11,,,,,,,,,,
Kochi,2021,1,184,7,706000,,96.35145874403408,-17.75,,,,,,,,,,
Kochi,2021,2,37,3,706000,,,-14.75,,,,,,,,,,
Kochi,2021,3,28,2,706000,,,-10.375,,,,,,,,,,
Kumamoto,2020,1,0,0,1757000,100.59618,101.3281419145202,,,,,,,,,,,
Kumamoto,2020,2,5,0,1757000,99.616966,100.7502830707366,-.5,,,,,,,,,,
Kumamoto,2020,3,9,0,1757000,94.398422,96.22473150241424,-5,,,,,,,,,,
Kumamoto,2020,4,33,1,1757000,88.220154,88.56509065604814,-15.375,,,,,,,,,,
Kumamoto,2020,5,1,2,1757000,87.29277,85.11487881922432,-16.75,,,,,,,,,,
Kumamoto,2020,6,1,0,1757000,94.558601,92.32761331881359,-11.875,,,,,,,,,,
Kumamoto,2020,7,142,0,1757000,93.686371,93.31279173613422,-11.5,,,,,,,,,,
Kumamoto,2020,8,329,4,1757000,94.559654,94.06762368770174,-10.5,,,,,,,,,,
Kumamoto,2020,9,55,1,1757000,96.41806,96.60723038248155,-8.75,,,,,,,,,,
Kumamoto,2020,10,222,0,1757000,98.090393,98.46516178620871,-5.25,,,,,,,,,,
Kumamoto,2020,11,226,5,1757000,98.019051,97.77656383664255,-5.25,,,,,,,,,,
Kumamoto,2020,12,852,4,1757000,97.192108,96.8716056277235,-11.25,,,,,,,,,,
Kumamoto,2021,1,1464,46,1757000,,96.6482477652316,-21.25,,,,,,,,,,
Kumamoto,2021,2,104,9,1757000,,,-17.5,,,,,,,,,,
Kumamoto,2021,3,45,2,1757000,,,-12.25,,,,,,,,,,
Kyoto,2020,1,1,0,2591000,101.57242,101.3759803972753,,,,,,,,,,,
Kyoto,2020,2,1,0,2591000,99.764099,100.5343399212602,-2.25,,,,,,,,,,
Kyoto,2020,3,67,0,2591000,96.101692,96.20554333659359,-4.5,,,,,,,,,,
Kyoto,2020,4,251,10,2591000,89.597145,88.25845383820347,-26,,,,,,,,,,
Kyoto,2020,5,38,7,2591000,87.374634,85.0890314692689,-27.5,,,,,,,,,,
Kyoto,2020,6,23,1,2591000,94.373604,92.18406540921247,-16.5,,,,,,,,,,
Kyoto,2020,7,406,2,2591000,94.555084,93.20951170782656,-16.75,,,,,,,,,,
Kyoto,2020,8,665,3,2591000,95.704597,93.46560378844147,-17.75,,,,,,,,,,
Kyoto,2020,9,310,2,2591000,97.567307,95.61097458913217,-13.625,,,,,,,,,,
Kyoto,2020,10,284,5,2591000,98.582649,97.86008649494428,-8.25,,,,,,,,,,
Kyoto,2020,11,625,9,2591000,97.937935,97.34558627436168,-4.875,,,,,,,,,,
Kyoto,2020,12,2132,14,2591000,97.521049,96.06449775318062,-14.25,,,,,,,,,,
Kyoto,2021,1,3644,66,2591000,,96.61176245998996,-26.5,,,,,,,,,,
Kyoto,2021,2,616,37,2591000,,,-22.625,,,,,,,,,,
Kyoto,2021,3,206,10,2591000,,,-16.125,,,,,,,,,,
Mie,2020,1,1,0,1791000,101.57286,101.4642491224092,,,,,,,,,,,
Mie,2020,2,0,0,1791000,100.23119,100.7525512775578,-2.25,,,,,,,,,,
Mie,2020,3,10,0,1791000,94.263657,96.14339287864188,-6.75,,,,,,,,,,
Mie,2020,4,34,1,1791000,87.824188,86.13801878330074,-21.5,,,,,,,,,,
Mie,2020,5,0,0,1791000,83.925705,81.33496880231192,-23.5,,,,,,,,,,
Mie,2020,6,1,0,1791000,89.974464,88.19660607959391,-12.75,,,,,,,,,,
Mie,2020,7,55,0,1791000,91.614861,90.98956283535232,-14.75,,,,,,,,,,
Mie,2020,8,279,1,1791000,93.485039,92.33602774945425,-14,,,,,,,,,,
Mie,2020,9,129,5,1791000,95.156616,95.13926294686978,-12,,,,,,,,,,
Mie,2020,10,56,0,1791000,97.261139,97.88084907472289,-8.75,,,,,,,,,,
Mie,2020,11,293,0,1791000,96.754875,97.19518561038892,-8.125,,,,,,,,,,
Mie,2020,12,433,11,1791000,96.084755,95.82814922450854,-13.5,,,,,,,,,,
Mie,2021,1,897,12,1791000,,96.21255799714932,-22,,,,,,,,,,
Mie,2021,2,340,23,1791000,,,-19.875,,,,,,,,,,
Mie,2021,3,115,14,1791000,,,-15,,,,,,,,,,
Miyagi,2020,1,0,0,2316000,101.3044,100.8951846750318,,,,,,,,,,,
Miyagi,2020,2,1,0,2316000,99.458427,100.4306794999802,.25,,,,,,,,,,
Miyagi,2020,3,6,0,2316000,96.722313,96.79761814553662,-5,,,,,,,,,,
Miyagi,2020,4,81,0,2316000,92.60099,89.58224191941903,-20.25,,,,,,,,,,
Miyagi,2020,5,0,1,2316000,90.147202,86.22783308078247,-18.75,,,,,,,,,,
Miyagi,2020,6,6,0,2316000,94.438797,93.32777279858969,-8.625,,,,,,,,,,
Miyagi,2020,7,66,0,2316000,93.611931,93.75041014325248,-10.25,,,,,,,,,,
Miyagi,2020,8,47,1,2316000,95.780609,94.73769477329684,-6.75,,,,,,,,,,
Miyagi,2020,9,199,0,2316000,96.904076,96.68791143120841,-6.625,,,,,,,,,,
Miyagi,2020,10,320,0,2316000,97.819,98.5405724089169,-3.75,,,,,,,,,,
Miyagi,2020,11,484,8,2316000,98.17691,97.90801900988892,-4.625,,,,,,,,,,
Miyagi,2020,12,981,6,2316000,97.477089,97.07182640682554,-12.25,,,,,,,,,,
Miyagi,2021,1,1218,6,2316000,,97.03329862330006,-21,,,,,,,,,,
Miyagi,2021,2,214,3,2316000,,,-17.25,,,,,,,,,,
Miyagi,2021,3,1103,2,2316000,,,-11.75,,,,,,,,,,
Miyazaki,2020,1,0,0,1081000,101.35332,100.8693647790693,,,,,,,,,,,
Miyazaki,2020,2,0,0,1081000,99.523094,100.3663348681156,1.25,,,,,,,,,,
Miyazaki,2020,3,3,0,1081000,96.036392,96.2764870943811,-6.5,,,,,,,,,,
Miyazaki,2020,4,14,0,1081000,93.606262,89.46739905243081,-13.5,,,,,,,,,,
Miyazaki,2020,5,0,0,1081000,90.171829,86.45899237004822,-17.25,,,,,,,,,,
Miyazaki,2020,6,0,0,1081000,94.734634,93.32949362584809,-12.875,,,,,,,,,,
Miyazaki,2020,7,124,0,1081000,96.055084,93.91794613408516,-13,,,,,,,,,,
Miyazaki,2020,8,217,1,1081000,95.729706,94.69754975282433,-13.125,,,,,,,,,,
Miyazaki,2020,9,7,0,1081000,98.171005,96.65411854980736,-8.25,,,,,,,,,,
Miyazaki,2020,10,2,0,1081000,100.09136,98.35900579609338,-1.5,,,,,,,,,,
Miyazaki,2020,11,135,0,1081000,97.784409,97.43734304737605,-1.75,,,,,,,,,,
Miyazaki,2020,12,255,7,1081000,98.749702,96.60752413716823,-7.75,,,,,,,,,,
Miyazaki,2021,1,1063,12,1081000,,96.36576747653464,-21.75,,,,,,,,,,
Miyazaki,2021,2,127,1,1081000,,,-14.875,,,,,,,,,,
Miyazaki,2021,3,2,1,1081000,,,-7.125,,,,,,,,,,
Nagano,2020,1,0,0,2063000,101.78732,101.7616915451679,,,,,,,,,,,
Nagano,2020,2,2,0,2063000,100.49474,100.9657785262916,-2,,,,,,,,,,
Nagano,2020,3,6,0,2063000,96.604568,95.47500995519718,-7,,,,,,,,,,
Nagano,2020,4,58,0,2063000,90.431137,87.58324610503477,-19.375,,,,,,,,,,
Nagano,2020,5,10,0,2063000,86.393425,83.69442009412391,-20.75,,,,,,,,,,
Nagano,2020,6,1,0,2063000,92.356903,90.98531760470286,-8.375,,,,,,,,,,
Nagano,2020,7,28,0,2063000,93.011902,92.12662608139954,-9.25,,,,,,,,,,
Nagano,2020,8,151,0,2063000,94.620544,92.37992422644906,1.75,,,,,,,,,,
Nagano,2020,9,53,1,2063000,96.235069,95.01841478082697,-2.25,,,,,,,,,,
Nagano,2020,10,32,3,2063000,98.415291,97.82276248393826,3.75,,,,,,,,,,
Nagano,2020,11,377,2,2063000,99.33448,97.98579859678544,-1,,,,,,,,,,
Nagano,2020,12,465,9,2063000,97.792778,96.17152112497902,-13,,,,,,,,,,
Nagano,2021,1,1105,21,2063000,,96.91644037526291,-22.5,,,,,,,,,,
Nagano,2021,2,76,5,2063000,,,-18.125,,,,,,,,,,
Nagano,2021,3,168,0,2063000,,,-14.375,,,,,,,,,,
Nagasaki,2020,1,0,0,1341000,100.51014,100.9343244964876,,,,,,,,,,,
Nagasaki,2020,2,0,0,1341000,99.595047,100.2951073430383,-1.25,,,,,,,,,,
Nagasaki,2020,3,2,0,1341000,96.121445,95.40033176351666,-4.5,,,,,,,,,,
Nagasaki,2020,4,15,1,1341000,94.175812,86.4033223758849,-17.5,,,,,,,,,,
Nagasaki,2020,5,0,0,1341000,91.276566,83.63912203633983,-17.25,,,,,,,,,,
Nagasaki,2020,6,0,0,1341000,95.703079,91.59800283500286,-12.375,,,,,,,,,,
Nagasaki,2020,7,57,1,1341000,96.098045,92.88852628685255,-12,,,,,,,,,,
Nagasaki,2020,8,157,1,1341000,97.400673,93.85364639886437,-12.25,,,,,,,,,,
Nagasaki,2020,9,5,0,1341000,98.392708,95.81056207334298,-9.5,,,,,,,,,,
Nagasaki,2020,10,9,0,1341000,100.90333,98.45051157783659,-4.5,,,,,,,,,,
Nagasaki,2020,11,26,0,1341000,99.886063,97.73227673338839,-3.75,,,,,,,,,,
Nagasaki,2020,12,384,1,1341000,99.010811,96.1028168662619,-8.75,,,,,,,,,,
Nagasaki,2021,1,871,23,1341000,,95.45275070538824,-22.25,,,,,,,,,,
Nagasaki,2021,2,86,9,1341000,,,-18.625,,,,,,,,,,
Nagasaki,2021,3,4,2,1341000,,,-11.5,,,,,,,,,,
Nara,2020,1,1,0,1339000,101.79231,101.0573743809512,,,,,,,,,,,
Nara,2020,2,0,0,1339000,100.21331,100.4363639603898,-2.5,,,,,,,,,,
Nara,2020,3,10,0,1339000,96.580536,95.87756095716118,-2.25,,,,,,,,,,
Nara,2020,4,69,1,1339000,89.225304,87.58071899444941,-17.875,,,,,,,,,,
Nara,2020,5,8,1,1339000,87.225899,84.96535807476282,-21.5,,,,,,,,,,
Nara,2020,6,0,0,1339000,94.393005,92.82390942484012,-11.875,,,,,,,,,,
Nara,2020,7,146,0,1339000,94.978233,93.2728609081605,-12,,,,,,,,,,
Nara,2020,8,278,4,1339000,96.219368,94.04933413854133,-12.5,,,,,,,,,,
Nara,2020,9,50,3,1339000,98.064209,96.19350187040709,-10.625,,,,,,,,,,
Nara,2020,10,79,1,1339000,99.109856,98.16360702030248,-4.75,,,,,,,,,,
Nara,2020,11,476,2,1339000,97.985977,97.49745583593726,-4.25,,,,,,,,,,
Nara,2020,12,846,12,1339000,97.512215,96.33290333547879,-12.5,,,,,,,,,,
Nara,2021,1,1006,14,1339000,,95.6870283309609,-19.25,,,,,,,,,,
Nara,2021,2,314,8,1339000,,,-15.875,,,,,,,,,,
Nara,2021,3,151,4,1339000,,,-11.375,,,,,,,,,,
Niigata,2020,1,0,0,2246000,101.36651,101.1434059418764,,,,,,,,,,,
Niigata,2020,2,1,0,2246000,102.00443,100.8891574514466,.25,,,,,,,,,,
Niigata,2020,3,30,0,2246000,97.443436,96.41902365184434,-6.75,,,,,,,,,,
Niigata,2020,4,44,0,2246000,90.731613,89.40822502843416,-12.875,,,,,,,,,,
Niigata,2020,5,7,0,2246000,86.961617,85.76750369081903,-11,,,,,,,,,,
Niigata,2020,6,1,0,2246000,93.723656,92.27526355515843,-1.125,,,,,,,,,,
Niigata,2020,7,27,0,2246000,93.495674,92.90758095722141,-3.5,,,,,,,,,,
Niigata,2020,8,32,0,2246000,95.218689,93.73239693311095,.5,,,,,,,,,,
Niigata,2020,9,27,0,2246000,96.835617,95.79466734706189,1.125,,,,,,,,,,
Niigata,2020,10,14,0,2246000,99.10125,97.95183445240534,5,,,,,,,,,,
Niigata,2020,11,148,0,2246000,98.899521,97.46649846293715,.875,,,,,,,,,,
Niigata,2020,12,209,3,2246000,98.554901,96.41087979217265,-9.75,,,,,,,,,,
Niigata,2021,1,370,6,2246000,,96.74927595178092,-22.5,,,,,,,,,,
Niigata,2021,2,170,6,2246000,,,-17.25,,,,,,,,,,
Niigata,2021,3,194,1,2246000,,,-9.625,,,,,,,,,,
Oita,2020,1,0,0,1144000,102.16198,101.0006899737203,,,,,,,,,,,
Oita,2020,2,0,0,1144000,99.548553,100.50472582457,-1.5,,,,,,,,,,
Oita,2020,3,29,0,1144000,96.344604,95.65251854353497,-6.25,,,,,,,,,,
Oita,2020,4,31,1,1144000,90.988892,87.71020273264686,-18.75,,,,,,,,,,
Oita,2020,5,0,0,1144000,89.062866,84.29250491006027,-18.25,,,,,,,,,,
Oita,2020,6,0,0,1144000,95.364708,91.40358907537579,-13.375,,,,,,,,,,
Oita,2020,7,6,0,1144000,95.853706,92.56302853845378,-13,,,,,,,,,,
Oita,2020,8,79,0,1144000,95.928627,93.59418992967996,-11.75,,,,,,,,,,
Oita,2020,9,13,1,1144000,98.565376,95.95933666705754,-11.375,,,,,,,,,,
Oita,2020,10,1,1,1144000,100.07717,98.1697045373768,-4.25,,,,,,,,,,
Oita,2020,11,136,0,1144000,100.15524,97.48543990675553,-2.375,,,,,,,,,,
Oita,2020,12,394,3,1144000,99.778435,96.38494170111073,-12.75,,,,,,,,,,
Oita,2021,1,469,11,1144000,,95.96657590503169,-21.75,,,,,,,,,,
Oita,2021,2,135,4,1144000,,,-18.75,,,,,,,,,,
Oita,2021,3,8,1,1144000,,,-13.75,,,,,,,,,,
Okayama,2020,1,0,0,1898000,100.98039,101.0953121265584,,,,,,,,,,,
Okayama,2020,2,0,0,1898000,99.657066,100.8641792090616,1.75,,,,,,,,,,
Okayama,2020,3,4,0,1898000,95.957588,97.05779703581642,-1.25,,,,,,,,,,
Okayama,2020,4,19,0,1898000,91.065308,89.14629563830461,-13.25,,,,,,,,,,
Okayama,2020,5,2,0,1898000,88.206459,85.1334446331627,-17,,,,,,,,,,
Okayama,2020,6,1,0,1898000,93.378937,91.59648797974492,-7.875,,,,,,,,,,
Okayama,2020,7,53,0,1898000,94.403549,92.96285632516462,-7.75,,,,,,,,,,
Okayama,2020,8,66,1,1898000,95.328453,94.0598315194347,-6.75,,,,,,,,,,
Okayama,2020,9,12,0,1898000,96.988022,96.31233251721092,-5.75,,,,,,,,,,
Okayama,2020,10,129,3,1898000,98.786819,98.44459070933682,-2.25,,,,,,,,,,
Okayama,2020,11,313,7,1898000,98.381737,97.77054312223861,-1.375,,,,,,,,,,
Okayama,2020,12,764,4,1898000,98.17128,96.96326808918172,-9,,,,,,,,,,
Okayama,2021,1,975,6,1898000,,97.1248473712235,-16.5,,,,,,,,,,
Okayama,2021,2,146,11,1898000,,,-12.25,,,,,,,,,,
Okayama,2021,3,136,3,1898000,,,-7.25,,,,,,,,,,
Okinawa,2020,1,0,0,1448000,101.51832,100.6638553902313,,,,,,,,,,,
Okinawa,2020,2,3,0,1448000,100.81754,99.89355623447138,-2,,,,,,,,,,
Okinawa,2020,3,6,0,1448000,98.220322,94.89969785835942,-12,,,,,,,,,,
Okinawa,2020,4,133,5,1448000,92.245529,86.75542380374007,-35.5,,,,,,,,,,
Okinawa,2020,5,0,1,1448000,90.976273,84.53380729801331,-38.5,,,,,,,,,,
Okinawa,2020,6,0,1,1448000,96.757957,92.86115273126174,-23.625,,,,,,,,,,
Okinawa,2020,7,253,0,1448000,97.040909,92.95261172002832,-19.25,,,,,,,,,,
Okinawa,2020,8,1731,21,1448000,96.94371,93.64051281235757,-30,,,,,,,,,,
Okinawa,2020,9,358,18,1448000,97.083267,95.61470053619784,-24,,,,,,,,,,
Okinawa,2020,10,849,17,1448000,99.025536,97.59557997808392,-17.5,,,,,,,,,,
Okinawa,2020,11,988,6,1448000,99.829498,96.96587215165695,-15.75,,,,,,,,,,
Okinawa,2020,12,1042,12,1448000,99.185303,95.65324695328249,-21,,,,,,,,,,
Okinawa,2021,1,2181,9,1448000,,93.90135746784895,-31,,,,,,,,,,
Okinawa,2021,2,649,29,1448000,,,-29.5,,,,,,,,,,
Okinawa,2021,3,558,4,1448000,,,-24.125,,,,,,,,,,
Osaka,2020,1,1,0,8813000,101.68498,100.7877197770176,,-1.5,-.5,2.5833333,-6,-13.2934898,-1.211107574983272,7.5,-10.08435778963953,4.447181977863832,2.611638354168074
Osaka,2020,2,3,0,8813000,100.18882,100.2327874625612,-2.25,-1.5,-1.5,5.0740743,-16,64.2006057,-6.894400891099843,17.111111,-7.924152318644343,-.0103990442230372,-4.031651951263021
Osaka,2020,3,240,2,8813000,97.240356,96.45144317133868,-5,-6.5,-7,5.75,-90,-94.0143228,-24.28273520349441,2.25,-12.09332243909101,-13.56756564046427,-14.39825391660916
Osaka,2020,4,1381,39,8813000,91.432373,88.95653213577971,-26,-16.5,-24.5,8.833333,-99,-99.7197809,-70.40781795613455,-19.299999,-67.03960024422624,-48.42630769159688,-28.30648011901466
Osaka,2020,5,158,42,8813000,88.222084,84.96480846836006,-25.75,-11.5,-18.5,7.75,-99,-99.71422990000001,-60.53454658324729,-31.25,-74.7565226006336,-56.66694211451006,-30.45584080113328
Osaka,2020,6,50,3,8813000,94.595757,91.77076696116227,-14.5,-6.5,-11,4,-92,-99.5112926,-30.9880756447634,-29.75,-61.60972079299161,-30.17356153556006,-43.56295298226897
Osaka,2020,7,2223,4,8813000,95.801903,92.82217230194252,-15.75,-4,-7.5,3.7419355,-89,-97.40431649999999,-28.70511430185001,-27.741936,-58.54131155235664,-24.01557571587328,-54.0051395718182
Osaka,2020,8,4486,62,8813000,96.978874,93.16404617131121,-17.75,-6,-10,2.5,-84,-90.76292890000001,-41.29174982787581,-25.75,-69.82874377737234,-29.07011581202617,-43.68161476868371
Osaka,2020,9,2051,54,8813000,98.25235,95.13149290430691,-15,-7,-8.5,-6.5185184,-58,-84.58709020000001,-27.1680335060086,-28.925926,-55.42324416766948,-12.36307018319067,-16.19128924752755
Osaka,2020,10,2160,36,8813000,99.774246,97.62562771325339,-11.25,.5,-2,4.4193549,-6,-81.5427141,-19.41409124865186,-28.387096,-65.08968870145851,35.92348849396853,5.367004978866199
Osaka,2020,11,7517,78,8813000,99.411758,97.25039365014145,-12.75,-4,-8,1.25,37,-49.7479753,-29.48406469000379,-20.75,-26.27259530526836,23.16025633729249,4.296167813430938
Osaka,2020,12,9766,259,8813000,99.143585,96.42542805038917,-18.25,-7.5,-13.5,4.1935482,-64,-78.5567461,-50.58219056060617,-25.387096,-16.58564584308596,-2.624022085203756,-14.28412724118665
Osaka,2021,1,13721,347,8813000,,96.51680661232287,-26.5,-9,-16.5,6.25,-84,-59.3908767,-52.75967823599306,-3.75,-14.19568072993778,-38.97102105181389,-10.21944574734269
Osaka,2021,2,3365,191,8813000,,,-23.125,,,1.5,,,-48.71734141219925,-7,-51.33475985907176,-49.1036655409984,-7.149934218228819
Osaka,2021,3,2036,45,8813000,,,-17.375,,,-3,,,,,-38.8535206479242,-35.23510446348461,-2.31651289220909
Saga,2020,1,0,0,819000,101.43547,101.008609987751,,,,,,,,,,,
Saga,2020,2,0,0,819000,100.67154,100.7390002913834,-.5,,,,,,,,,,
Saga,2020,3,2,0,819000,98.38588,96.88120663876994,-4.75,,,,,,,,,,
Saga,2020,4,39,0,819000,96.724869,89.37346135774823,-18.125,,,,,,,,,,
Saga,2020,5,6,0,819000,93.909119,85.92526762600069,-18.5,,,,,,,,,,
Saga,2020,6,0,0,819000,99.085472,92.40649655113343,-11.25,,,,,,,,,,
Saga,2020,7,35,0,819000,99.306107,93.42880678055919,-11.25,,,,,,,,,,
Saga,2020,8,155,0,819000,101.17273,94.60577752823852,-9.625,,,,,,,,,,
Saga,2020,9,8,0,819000,101.58975,96.93810335070957,-5.5,,,,,,,,,,
Saga,2020,10,9,0,819000,102.87224,98.67821296423698,-1.5,,,,,,,,,,
Saga,2020,11,55,1,819000,102.00939,97.86264167566834,.25,,,,,,,,,,
Saga,2020,12,159,2,819000,100.97436,97.15665440615611,-6.75,,,,,,,,,,
Saga,2021,1,483,1,819000,,97.41010234175606,-18.75,,,,,,,,,,
Saga,2021,2,106,4,819000,,,-14.75,,,,,,,,,,
Saga,2021,3,105,3,819000,,,-10,,,,,,,,,,
Saitama,2020,1,0,0,7330000,101.5211,101.0803597503216,,-1.5,0,5.5,13,-69.6058932,.0774531079880841,10.583333,-8.741916402964705,4.548224803900849,4.06717072218969
Saitama,2020,2,1,0,7330000,100.56383,100.4742356886415,-.75,.5,-2,8.7777777,30,-63.81661,-3.607511001527251,11.074074,-8.540050926225137,1.852509272701113,-4.884672663223258
Saitama,2020,3,99,2,7330000,97.138374,96.35301125947579,-1.75,-8,-10.5,7.5,-53,-96.30636389999999,-15.68285794816721,6,-11.68932068661823,-12.4749636477008,-17.0087162659786
Saitama,2020,4,759,32,7330000,90.386124,87.73341917977719,-22.5,-18,-27,17.5,-95,-99.9819657,-58.10141394574789,-13.066667,-62.63427490840643,-46.79825331651135,-23.05322460320932
Saitama,2020,5,141,14,7330000,86.631126,84.22622456456942,-23.75,-12,-19.5,9,-95,-99.4270884,-46.52862078999464,-31.75,-78.58577036796314,-56.06902637197766,-18.99365988792843
Saitama,2020,6,129,17,7330000,93.388115,91.43628021219564,-12.875,-7,-11,5,-75,-99.95087100000001,-29.41762692984756,-31.25,-62.29739384587138,-33.85979038910114,-33.97070283856011
Saitama,2020,7,1181,9,7330000,94.054352,92.87722816717027,-14.5,-5.5,-9,4.2580647,-64,-100,-16.39860075522811,-28.290323,-55.80881818011839,-13.81812153862717,-48.46343743772333
Saitama,2020,8,1613,15,7330000,95.582588,93.73336826988819,-13.25,-6.5,-11,6.75,-18,-95.5390767,-22.79286878393407,-25.5,-68.17687187816541,-24.08711289727507,-35.99681348525914
Saitama,2020,9,726,13,7330000,97.707962,96.03822075380306,-11.75,-5,-6.5,-5.9259257,52,-67.98903110000001,-16.78420300041396,-27.185184,-59.12723986331157,-8.857170009088485,-4.55368990143786
Saitama,2020,10,1203,5,7330000,99.128487,98.22944672784877,-9.5,-2,-4,7.6129031,128,-95.15197120000001,-8.871085867959918,-22.516129,-67.5777781107188,43.6844295695271,11.63795465433008
Saitama,2020,11,2570,34,7330000,99.551292,97.43515535905574,-8.75,-4,-7.5,2.75,151,-81.43591549999999,-21.67140005432256,-15.5,-32.02412313233698,28.19542915416667,6.08431993723479
Saitama,2020,12,5869,67,7330000,98.262787,96.24621616264132,-12.5,-7.5,-12,4.032258,57,-80.16294980000001,-31.55420408496936,-18.451612,-17.84179106711203,.8003614633584357,-15.18581529534267
Saitama,2021,1,10891,144,7330000,,96.42701588338743,-21.25,-10.5,-17.5,6.5,-50,-89.0181497,-39.52114244927229,-6.75,-14.76712790732512,-35.24286604179805,-14.97579323639475
Saitama,2021,2,4160,213,7330000,,,-18,,,-2.5,,,-37.1946275239258,-10.5,-49.59806880547306,-46.43812598755617,-8.752406776475766
Saitama,2021,3,2319,124,7330000,,,-14.75,,,-5,,,,,-36.5861237610501,-31.3222900605625,-5.576435890649221
Shiga,2020,1,0,0,1412000,102.31883,101.6589433092065,,,,,,,,,,,
Shiga,2020,2,0,0,1412000,100.23231,101.5704162377331,-1.25,,,,,,,,,,
Shiga,2020,3,7,0,1412000,96.99836,97.11435937604624,-1.25,,,,,,,,,,
Shiga,2020,4,88,1,1412000,89.919884,88.81117815629837,-16,,,,,,,,,,
Shiga,2020,5,5,0,1412000,86.675232,84.1143386949369,-20.75,,,,,,,,,,
Shiga,2020,6,1,0,1412000,92.652206,90.09411164814721,-7.375,,,,,,,,,,
Shiga,2020,7,70,0,1412000,92.915344,92.33103341264345,-9.25,,,,,,,,,,
Shiga,2020,8,279,4,1412000,94.675926,93.10040666443636,-3.625,,,,,,,,,,
Shiga,2020,9,52,3,1412000,96.302284,95.71591828264887,-3.25,,,,,,,,,,
Shiga,2020,10,50,1,1412000,97.846413,98.12692603056362,0,,,,,,,,,,
Shiga,2020,11,230,0,1412000,97.99379,97.92977146386691,1.75,,,,,,,,,,
Shiga,2020,12,393,2,1412000,97.085991,96.51648506230018,-10.75,,,,,,,,,,
Shiga,2021,1,948,19,1412000,,98.17480935438105,-19.25,,,,,,,,,,
Shiga,2021,2,344,16,1412000,,,-13.875,,,,,,,,,,
Shiga,2021,3,226,5,1412000,,,-9.75,,,,,,,,,,
Shimane,2020,1,0,0,680000,101.63586,100.9999861517483,,,,,,,,,,,
Shimane,2020,2,0,0,680000,100.5581,101.2432739965183,2.25,,,,,,,,,,
Shimane,2020,3,0,0,680000,96.304794,96.8918656784696,1.25,,,,,,,,,,
Shimane,2020,4,23,0,680000,91.832886,89.96440089529507,-14.125,,,,,,,,,,
Shimane,2020,5,1,0,680000,89.323936,86.48822484308128,-14.25,,,,,,,,,,
Shimane,2020,6,0,0,680000,94.03241,93.07700996700758,-4.125,,,,,,,,,,
Shimane,2020,7,5,0,680000,94.777794,93.45690812074831,-3,,,,,,,,,,
Shimane,2020,8,108,0,680000,96.713409,94.76857543569166,5.375,,,,,,,,,,
Shimane,2020,9,3,0,680000,97.842987,96.90271996780164,4.5,,,,,,,,,,
Shimane,2020,10,1,0,680000,99.225601,98.47492671480173,10.5,,,,,,,,,,
Shimane,2020,11,6,0,680000,98.663681,98.23082692791091,12,,,,,,,,,,
Shimane,2020,12,60,0,680000,98.701958,97.25109212502413,-3.5,,,,,,,,,,
Shimane,2021,1,61,0,680000,,97.78361644387087,-17,,,,,,,,,,
Shimane,2021,2,16,0,680000,,,-9.125,,,,,,,,,,
Shimane,2021,3,1,0,680000,,,-2.625,,,,,,,,,,
Shizuoka,2020,1,0,0,3659000,100.15824,101.5584884972489,,,,,,,,,,,
Shizuoka,2020,2,1,0,3659000,98.589485,100.5245484535443,3,,,,,,,,,,
Shizuoka,2020,3,9,0,3659000,95.657196,95.87830284219172,-3.25,,,,,,,,,,
Shizuoka,2020,4,61,1,3659000,88.962448,86.16981414026121,-20,,,,,,,,,,
Shizuoka,2020,5,4,0,3659000,84.008492,81.56404654780998,-22.75,,,,,,,,,,
Shizuoka,2020,6,6,0,3659000,90.134514,88.54206709993558,-12,,,,,,,,,,
Shizuoka,2020,7,192,0,3659000,92.595757,91.29969957545441,-15,,,,,,,,,,
Shizuoka,2020,8,207,0,3659000,93.626167,92.15710596604681,-9,,,,,,,,,,
Shizuoka,2020,9,61,1,3659000,95.051529,95.0910848833749,-9.75,,,,,,,,,,
Shizuoka,2020,10,115,0,3659000,97.21701,97.62507344722542,-6.25,,,,,,,,,,
Shizuoka,2020,11,1012,9,3659000,96.729225,96.99950296568191,-6.25,,,,,,,,,,
Shizuoka,2020,12,1013,30,3659000,95.961128,95.65807252126704,-11,,,,,,,,,,
Shizuoka,2021,1,1909,35,3659000,,96.29410106564866,-20,,,,,,,,,,
Shizuoka,2021,2,551,17,3659000,,,-16.625,,,,,,,,,,
Shizuoka,2021,3,353,17,3659000,,,-14.125,,,,,,,,,,
Tochigi,2020,1,0,0,1946000,101.40769,101.7414217536977,,,,,,,,,,,
Tochigi,2020,2,1,0,1946000,99.846062,100.8094852987229,-1,,,,,,,,,,
Tochigi,2020,3,13,0,1946000,96.996529,96.24607790279504,-2.25,,,,,,,,,,
Tochigi,2020,4,40,0,1946000,88.794792,86.79793986465694,-19.375,,,,,,,,,,
Tochigi,2020,5,11,0,1946000,83.714981,82.03306861845263,-18.5,,,,,,,,,,
Tochigi,2020,6,14,0,1946000,91.346161,88.89735956347245,-8.375,,,,,,,,,,
Tochigi,2020,7,116,0,1946000,91.975983,91.65651884390441,-9.75,,,,,,,,,,
Tochigi,2020,8,108,1,1946000,93.861206,92.51332763906883,-5,,,,,,,,,,
Tochigi,2020,9,127,0,1946000,95.898689,95.44702943918051,-6.25,,,,,,,,,,
Tochigi,2020,10,59,0,1946000,98.105324,98.08023098470116,-.5,,,,,,,,,,
Tochigi,2020,11,149,1,1946000,98.580162,97.53036030549616,1,,,,,,,,,,
Tochigi,2020,12,840,4,1946000,97.303886,96.0423884153811,-9,,,,,,,,,,
Tochigi,2021,1,2293,40,1946000,,96.91793197509831,-21,,,,,,,,,,
Tochigi,2021,2,322,20,1946000,,,-16,,,,,,,,,,
Tochigi,2021,3,329,4,1946000,,,-11.75,,,,,,,,,,
Tokushima,2020,1,0,0,736000,101.66895,101.0817615906467,,,,,,,,,,,
Tokushima,2020,2,1,0,736000,101.21319,101.6292063157762,.25,,,,,,,,,,
Tokushima,2020,3,2,0,736000,98.391083,97.45653088700408,-2,,,,,,,,,,
Tokushima,2020,4,2,1,736000,94.760933,91.05493845850225,-12.625,,,,,,,,,,
Tokushima,2020,5,0,0,736000,93.326607,87.51265785253004,-17.25,,,,,,,,,,
Tokushima,2020,6,1,0,736000,100.18997,93.90940584721254,-9.5,,,,,,,,,,
Tokushima,2020,7,19,0,736000,100.09447,94.49698496209062,-7.25,,,,,,,,,,
Tokushima,2020,8,105,3,736000,101.33071,95.55456518032955,-4.5,,,,,,,,,,
Tokushima,2020,9,18,5,736000,102.58414,97.89640661038676,-2.625,,,,,,,,,,
Tokushima,2020,10,16,0,736000,103.73869,99.07375070374579,0,,,,,,,,,,
Tokushima,2020,11,17,0,736000,103.65877,98.70666265168985,.75,,,,,,,,,,
Tokushima,2020,12,17,0,736000,103.2538,97.93163636900316,-6,,,,,,,,,,
Tokushima,2021,1,187,5,736000,,98.57358440607108,-14.75,,,,,,,,,,
Tokushima,2021,2,67,2,736000,,,-12,,,,,,,,,,
Tokushima,2021,3,16,2,736000,,,-8.25,,,,,,,,,,
Tokyo,2020,1,3,0,13822000,100.8275,100.6677727833552,,-1,0,4.3333335,-11,-7.4089569,3.407142613047982,12.583333,-14.20360672254206,-1.312124816652787,-1.62217023525633
Tokyo,2020,2,34,1,13822000,99.075607,99.89241769005879,-3.25,-1,-.5,7.3703704,-27,-2.5291575,-6.999624501883193,12.333333,-11.76551900983503,-2.515754031377119,-8.109438899120692
Tokyo,2020,3,489,15,13822000,95.844955,98.09036122622233,-8.5,-7.5,-9.5,17.75,-84,-82.6989366,-27.0828119855506,9.25,-15.12328193640765,-14.36759581187216,-17.32702701092013
Tokyo,2020,4,3748,104,13822000,88.362099,91.03996141635858,-39.625,-17.5,-26.5,21.966667,-98,-99.7668614,-73.34067107128054,-10.933333,-59.10374404839134,-50.12121027425271,-28.33298830540372
Tokyo,2020,5,957,185,13822000,84.210999,87.08727922432719,-38.75,-16.5,-25,13,-98,-99.86327009999999,-67.00528676689603,-27.25,-77.96407929960931,-62.55905077151048,-32.57933536736859
Tokyo,2020,6,994,20,13822000,91.703262,93.78587756134036,-24.875,-8.5,-13,7,-93,-99.43267419999999,-46.91698071697713,-28.25,-61.54222329840282,-40.71047352919778,-44.23384450541822
Tokyo,2020,7,6464,7,13822000,92.380981,94.94727880107169,-25,-6.5,-9,9.1935482,-90,-91.3108945,-45.08445445873926,-24.67742,-54.64595419116981,-22.78397288311065,-53.67457746626006
Tokyo,2020,8,8125,31,13822000,93.555031,94.58539067113266,-25,-6.5,-11,10,-85,-88.76559090000001,-45.07127766225439,-29,-72.22016786595064,-32.16982020917114,-42.49251431472781
Tokyo,2020,9,4918,45,13822000,94.938042,95.90647001681511,-21.5,-6.5,-8,1.1851852,-78,-46.1415115,-34.28325126097276,-30.777779,-61.72715890493363,-16.80608325507206,-13.78298725863583
Tokyo,2020,10,5350,47,13822000,96.968697,98.39710189717823,-18.75,1,-2,6.4516129,-17,-22.5327066,-23.47933095088184,-21.967741,-69.68690502789805,36.51564373322124,.4895810283466325
Tokyo,2020,11,9861,34,13822000,97.700516,98.50974655670204,-18.5,-4,-7.5,4,-5,-50.8938041,-36.52080694035438,-15.75,-31.85751648498973,27.8227066870618,-3.137459933669982
Tokyo,2020,12,19369,138,13822000,96.509171,97.7088085718284,-22,-7,-12.5,9.5806456,-45,-62.5963991,-49.18619227097357,-14.67742,-18.94694652689792,.2308426314048611,-19.2393409563495
Tokyo,2021,1,40367,259,13822000,,98.02052250228692,-34,-10,-18,10.75,-83,-53.8348646,-56.13661490508657,-1.75,-26.59170467361918,-41.13384223400664,-24.74281886184755
Tokyo,2021,2,10997,490,13822000,,,-29.75,,,1,,,-53.00014014902055,-10.25,-56.90083794699152,-50.75369706563323,-19.65095657666557
Tokyo,2021,3,5841,260,13822000,,,-27.25,,,-3,,,,,-46.08058049726541,-36.8335122584387,-14.5156886089262
Tottori,2020,1,0,0,560000,101.4959,100.9956354986323,,,,,,,,,,,
Tottori,2020,2,0,0,560000,100.0013,100.7937763809894,2.5,,,,,,,,,,
Tottori,2020,3,0,0,560000,96.549286,96.51704317970869,0,,,,,,,,,,
Tottori,2020,4,3,0,560000,92.559052,89.16279365835499,-12,,,,,,,,,,
Tottori,2020,5,0,0,560000,89.154243,86.37978229988069,-12.25,,,,,,,,,,
Tottori,2020,6,0,0,560000,95.709198,93.33970204778602,-4,,,,,,,,,,
Tottori,2020,7,12,0,560000,95.016762,93.81288519684871,-2,,,,,,,,,,
Tottori,2020,8,7,0,560000,96.435349,94.56645573215803,1.5,,,,,,,,,,
Tottori,2020,9,13,0,560000,98.196869,96.83681842894946,-.375,,,,,,,,,,
Tottori,2020,10,3,0,560000,98.883858,98.35707885297612,4.5,,,,,,,,,,
Tottori,2020,11,20,0,560000,98.638054,97.80801045568749,4.75,,,,,,,,,,
Tottori,2020,12,61,0,560000,98.240677,96.75467797126474,-8,,,,,,,,,,
Tottori,2021,1,80,2,560000,,96.70356043333926,-20.25,,,,,,,,,,
Tottori,2021,2,11,0,560000,,,-14.875,,,,,,,,,,
Tottori,2021,3,0,0,560000,,,-8.25,,,,,,,,,,
Toyama,2020,1,0,0,1050000,101.81612,101.3009942198135,,,,,,,,,,,
Toyama,2020,2,0,0,1050000,100.47974,101.3820694957807,.5,,,,,,,,,,
Toyama,2020,3,2,0,1050000,94.471367,96.31846114755069,-4.25,,,,,,,,,,
Toyama,2020,4,198,9,1050000,90.581032,89.08429682944657,-16.875,,,,,,,,,,
Toyama,2020,5,27,13,1050000,86.523811,84.5396901864833,-16.25,,,,,,,,,,
Toyama,2020,6,0,0,1050000,92.380898,91.11813905993999,-4.125,,,,,,,,,,
Toyama,2020,7,11,0,1050000,93.201294,92.19611773157445,-5.5,,,,,,,,,,
Toyama,2020,8,150,3,1050000,94.796814,93.13187076608835,1.5,,,,,,,,,,
Toyama,2020,9,31,1,1050000,96.359085,95.59798907106962,2.5,,,,,,,,,,
Toyama,2020,10,4,0,1050000,98.087883,97.6951086955122,6.5,,,,,,,,,,
Toyama,2020,11,36,0,1050000,97.584251,97.59397841444873,4.625,,,,,,,,,,
Toyama,2020,12,100,0,1050000,97.153847,96.56250485665839,-8.75,,,,,,,,,,
Toyama,2021,1,313,1,1050000,,97.14593601065131,-23.75,,,,,,,,,,
Toyama,2021,2,33,1,1050000,,,-15.625,,,,,,,,,,
Toyama,2021,3,16,0,1050000,,,-6.625,,,,,,,,,,
Wakayama,2020,1,0,0,935000,100.96989,100.9488510140871,,,,,,,,,,,
Wakayama,2020,2,13,1,935000,99.078712,100.7695104198001,-2,,,,,,,,,,
Wakayama,2020,3,5,0,935000,95.897041,96.62116148575012,-1.25,,,,,,,,,,
Wakayama,2020,4,44,1,935000,89.146988,89.86814942484884,-15.125,,,,,,,,,,
Wakayama,2020,5,1,1,935000,86.171974,86.36722771101763,-17.25,,,,,,,,,,
Wakayama,2020,6,1,0,935000,93.386063,92.69972140957924,-6,,,,,,,,,,
Wakayama,2020,7,86,0,935000,93.139442,92.98097459098376,-6.75,,,,,,,,,,
Wakayama,2020,8,80,1,935000,94.341682,93.8827052558662,3.75,,,,,,,,,,
Wakayama,2020,9,12,0,935000,95.960892,95.87523068326162,-2.75,,,,,,,,,,
Wakayama,2020,10,33,0,935000,97.018845,97.83396233599706,.75,,,,,,,,,,
Wakayama,2020,11,177,2,935000,96.834854,97.32103497739853,.625,,,,,,,,,,
Wakayama,2020,12,164,1,935000,97.094002,96.56694199328889,-8,,,,,,,,,,
Wakayama,2021,1,447,7,935000,,96.43230203592933,-17.25,,,,,,,,,,
Wakayama,2021,2,100,4,935000,,,-13.125,,,,,,,,,,
Wakayama,2021,3,39,0,935000,,,-8.375,,,,,,,,,,
Yamagata,2020,1,0,0,1090000,102.40668,101.4064334809494,,,,,,,,,,,
Yamagata,2020,2,0,0,1090000,100.7765,101.3062847697418,.25,,,,,,,,,,
Yamagata,2020,3,1,0,1090000,97.247162,96.67029690212198,-4.5,,,,,,,,,,
Yamagata,2020,4,67,0,1090000,94.19323,89.90055475413514,-14,,,,,,,,,,
Yamagata,2020,5,1,0,1090000,91.204987,86.20384561907672,-7.25,,,,,,,,,,
Yamagata,2020,6,0,0,1090000,94.880951,92.60862863326288,2.75,,,,,,,,,,
Yamagata,2020,7,7,1,1090000,94.909271,93.40256219850063,.5,,,,,,,,,,
Yamagata,2020,8,2,0,1090000,96.296013,94.13367797465764,6.5,,,,,,,,,,
Yamagata,2020,9,0,0,1090000,96.972351,96.60334183186355,9.625,,,,,,,,,,
Yamagata,2020,10,8,0,1090000,98.204704,98.46647135062675,11.75,,,,,,,,,,
Yamagata,2020,11,49,0,1090000,98.384621,98.21840367167349,6.75,,,,,,,,,,
Yamagata,2020,12,252,6,1090000,98.177063,96.9680895548689,-9.75,,,,,,,,,,
Yamagata,2021,1,116,6,1090000,,97.86329702777117,-19.25,,,,,,,,,,
Yamagata,2021,2,40,2,1090000,,,-18.5,,,,,,,,,,
Yamagata,2021,3,103,1,1090000,,,-9.375,,,,,,,,,,
Yamaguchi,2020,1,0,0,1370000,101.33788,101.136412914665,,,,,,,,,,,
Yamaguchi,2020,2,0,0,1370000,99.957176,100.8742181702638,2.25,,,,,,,,,,
Yamaguchi,2020,3,6,0,1370000,95.709007,96.29198483407691,-2.25,,,,,,,,,,
Yamaguchi,2020,4,26,0,1370000,90.484695,87.94291289552604,-13.25,,,,,,,,,,
Yamaguchi,2020,5,5,0,1370000,87.483444,83.9309668080611,-16,,,,,,,,,,
Yamaguchi,2020,6,0,0,1370000,93.354622,90.68929795376681,-8.125,,,,,,,,,,
Yamaguchi,2020,7,16,0,1370000,93.595779,92.27383632327066,-8,,,,,,,,,,
Yamaguchi,2020,8,115,0,1370000,94.943283,93.56265408385021,-6,,,,,,,,,,
Yamaguchi,2020,9,33,2,1370000,96.861305,95.82061627462204,-6,,,,,,,,,,
Yamaguchi,2020,10,12,0,1370000,97.860001,97.97161554547252,-2.75,,,,,,,,,,
Yamaguchi,2020,11,173,0,1370000,97.183403,97.07910137500089,-4.25,,,,,,,,,,
Yamaguchi,2020,12,201,1,1370000,96.966644,96.53900662893692,-10,,,,,,,,,,
Yamaguchi,2021,1,648,18,1370000,,96.23161403610871,-19.75,,,,,,,,,,
Yamaguchi,2021,2,147,17,1370000,,,-15,,,,,,,,,,
Yamaguchi,2021,3,15,5,1370000,,,-10.75,,,,,,,,,,
Yamanashi,2020,1,0,0,817000,101.04686,101.9787767906726,,,,,,,,,,,
Yamanashi,2020,2,0,0,817000,99.647675,100.8777785907338,.25,,,,,,,,,,
Yamanashi,2020,3,6,0,817000,96.38884,96.02831054036264,-5.5,,,,,,,,,,
Yamanashi,2020,4,47,0,817000,90.686501,88.03651660132711,-23.375,,,,,,,,,,
Yamanashi,2020,5,11,1,817000,86.378937,83.94281820907855,-26.5,,,,,,,,,,
Yamanashi,2020,6,10,0,817000,93.466713,90.74060041715573,-14.75,,,,,,,,,,
Yamanashi,2020,7,23,0,817000,92.986443,92.0771515487104,-10.75,,,,,,,,,,
Yamanashi,2020,8,76,3,817000,94.369919,92.05622206884259,8.375,,,,,,,,,,
Yamanashi,2020,9,17,2,817000,96.275909,94.87751341617013,3.125,,,,,,,,,,
Yamanashi,2020,10,26,0,817000,98.640396,98.10696720935553,5.75,,,,,,,,,,
Yamanashi,2020,11,128,3,817000,99.2519,98.09345436169362,10.625,,,,,,,,,,
Yamanashi,2020,12,224,2,817000,97.779861,96.45689878846346,-9.25,,,,,,,,,,
Yamanashi,2021,1,333,3,817000,,97.88091951515348,-20.5,,,,,,,,,,
Yamanashi,2021,2,38,3,817000,,,-16.25,,,,,,,,,,
Yamanashi,2021,3,17,1,817000,,,-12.75,,,,,,,,,,
