prefecture,date,year,month,day,week,newpositive,I,R,D,severe,入院中,宿泊療養,自宅療養,調整中,軽症中等症,stringdate,陽性者数累計
Tokyo,21973,2020,2,28,6,0,21,15,1,5,21,0,0,0,16,2020-02-28,37
Tokyo,21974,2020,2,29,6,0,21,15,1,5,21,0,0,0,16,2020-02-29,37
Tokyo,21975,2020,3,1,6,2,23,15,1,5,23,0,0,0,18,2020-03-01,39
Tokyo,21976,2020,3,2,7,0,23,15,1,5,23,0,0,0,18,2020-03-02,39
Tokyo,21977,2020,3,3,7,1,22,17,1,5,22,0,0,0,17,2020-03-03,40
Tokyo,21978,2020,3,4,7,4,26,17,1,6,26,0,0,0,20,2020-03-04,44
Tokyo,21979,2020,3,5,7,8,32,19,1,7,32,0,0,0,25,2020-03-05,52
Tokyo,21980,2020,3,6,7,6,37,20,1,8,37,0,0,0,29,2020-03-06,58
Tokyo,21981,2020,3,7,7,6,43,20,1,8,43,0,0,0,35,2020-03-07,64
Tokyo,21982,2020,3,8,7,0,43,20,1,8,43,0,0,0,35,2020-03-08,64
Tokyo,21983,2020,3,9,8,0,40,22,2,7,40,0,0,0,33,2020-03-09,64
Tokyo,21984,2020,3,10,8,3,43,22,2,8,43,0,0,0,35,2020-03-10,67
Tokyo,21985,2020,3,11,8,6,49,22,2,7,49,0,0,0,42,2020-03-11,73
Tokyo,21986,2020,3,12,8,2,51,22,2,7,51,0,0,0,44,2020-03-12,75
Tokyo,21987,2020,3,13,8,2,53,22,2,8,53,0,0,0,45,2020-03-13,77
Tokyo,21988,2020,3,14,8,10,63,22,2,8,63,0,0,0,55,2020-03-14,87
Tokyo,21989,2020,3,15,8,3,66,22,2,8,66,0,0,0,58,2020-03-15,90
Tokyo,21990,2020,3,16,9,0,66,22,2,8,66,0,0,0,58,2020-03-16,90
Tokyo,21991,2020,3,17,9,12,70,30,2,8,70,0,0,0,62,2020-03-17,102
Tokyo,21992,2020,3,18,9,9,79,30,2,8,79,0,0,0,71,2020-03-18,111
Tokyo,21993,2020,3,19,9,7,85,31,2,9,85,0,0,0,76,2020-03-19,118
Tokyo,21994,2020,3,20,9,11,95,31,3,9,95,0,0,0,86,2020-03-20,129
Tokyo,21995,2020,3,21,9,7,101,31,4,9,101,0,0,0,92,2020-03-21,136
Tokyo,21996,2020,3,22,9,2,103,31,4,9,103,0,0,0,94,2020-03-22,138
Tokyo,21997,2020,3,23,10,16,119,31,4,11,119,0,0,0,108,2020-03-23,154
Tokyo,21998,2020,3,24,10,17,135,31,5,11,135,0,0,0,124,2020-03-24,171
Tokyo,21999,2020,3,25,10,41,176,31,5,12,176,0,0,0,164,2020-03-25,212
Tokyo,22000,2020,3,26,10,47,223,31,5,15,223,0,0,0,208,2020-03-26,259
Tokyo,22001,2020,3,27,10,40,254,39,6,15,254,0,0,0,239,2020-03-27,299
Tokyo,22002,2020,3,28,10,63,315,40,7,14,315,0,0,0,301,2020-03-28,362
Tokyo,22003,2020,3,29,10,68,382,40,8,15,382,0,0,0,367,2020-03-29,430
Tokyo,22004,2020,3,30,11,13,394,40,9,16,394,0,0,0,378,2020-03-30,443
Tokyo,22005,2020,3,31,11,78,465,40,16,16,465,0,0,0,449,2020-03-31,521
Tokyo,22006,2020,4,1,11,66,531,40,16,17,531,0,0,0,514,2020-04-01,587
Tokyo,22007,2020,4,2,11,97,628,40,16,18,628,0,0,0,610,2020-04-02,684
Tokyo,22008,2020,4,3,11,89,704,51,18,22,704,0,0,0,682,2020-04-03,773
Tokyo,22009,2020,4,4,11,116,815,51,23,22,815,0,0,0,793,2020-04-04,889
Tokyo,22010,2020,4,5,11,144,951,52,30,24,951,0,0,0,927,2020-04-05,1033
Tokyo,22011,2020,4,6,12,83,1034,52,30,27,1034,0,0,0,1007,2020-04-06,1116
Tokyo,22012,2020,4,7,12,79,1112,52,31,27,1112,0,0,0,1085,2020-04-07,1195
Tokyo,22013,2020,4,8,12,143,1251,52,35,29,1251,0,0,0,1222,2020-04-08,1338
Tokyo,22014,2020,4,9,12,178,1428,52,36,30,1428,0,0,0,1398,2020-04-09,1516
Tokyo,22015,2020,4,10,12,187,1611,52,40,31,1611,0,0,0,1580,2020-04-10,1703
Tokyo,22016,2020,4,11,12,199,1810,52,40,34,1810,0,0,0,1776,2020-04-11,1902
Tokyo,22017,2020,4,12,12,166,1974,52,42,37,1974,0,0,0,1937,2020-04-12,2068
Tokyo,22018,2020,4,13,13,90,2064,52,42,40,2064,0,0,0,2024,2020-04-13,2158
Tokyo,22019,2020,4,14,13,160,2219,52,47,40,2219,0,0,0,2179,2020-04-14,2318
Tokyo,22020,2020,4,15,13,127,2340,52,53,42,2340,0,0,0,2298,2020-04-15,2445
Tokyo,22021,2020,4,16,13,150,2487,52,56,50,2487,0,0,0,2437,2020-04-16,2595
Tokyo,22022,2020,4,17,13,199,2679,52,63,54,2679,0,0,0,2625,2020-04-17,2794
Tokyo,22023,2020,4,18,13,181,2690,216,69,55,2690,0,0,0,2635,2020-04-18,2975
Tokyo,22024,2020,4,19,13,107,2711,297,74,57,2711,0,0,0,2654,2020-04-19,3082
Tokyo,22025,2020,4,20,14,102,2507,600,77,60,2507,0,0,0,2447,2020-04-20,3184
Tokyo,22026,2020,4,21,14,123,2601,625,81,61,2601,0,0,0,2540,2020-04-21,3307
Tokyo,22027,2020,4,22,14,132,2461,897,81,62,2461,0,0,0,2399,2020-04-22,3439
Tokyo,22028,2020,4,23,14,133,2548,937,87,63,2548,0,0,0,2485,2020-04-23,3572
Tokyo,22029,2020,4,24,14,161,2688,952,93,63,2688,0,0,0,2625,2020-04-24,3733
Tokyo,22030,2020,4,25,14,103,2766,970,100,62,2766,0,0,0,2704,2020-04-25,3836
Tokyo,22031,2020,4,26,14,72,2814,994,100,66,2814,0,0,0,2748,2020-04-26,3908
Tokyo,22032,2020,4,27,15,39,2668,1173,106,93,2668,0,0,0,2575,2020-04-27,3947
Tokyo,22033,2020,4,28,15,112,2690,1261,108,105,2690,0,0,0,2585,2020-04-28,4059
Tokyo,22034,2020,4,29,15,47,2718,1271,117,105,2718,0,0,0,2613,2020-04-29,4106
Tokyo,22035,2020,4,30,15,46,2608,1424,120,101,2608,0,0,0,2507,2020-04-30,4152
Tokyo,22036,2020,5,1,15,165,2673,1518,126,97,2673,0,0,0,2576,2020-05-01,4317
Tokyo,22037,2020,5,2,15,157,2783,1550,141,100,2783,0,0,0,2683,2020-05-02,4474
Tokyo,22038,2020,5,3,15,94,2856,1567,145,97,2856,0,0,0,2759,2020-05-03,4568
Tokyo,22039,2020,5,4,16,86,2915,1589,150,92,2915,0,0,0,2823,2020-05-04,4654
Tokyo,22040,2020,5,5,16,58,2950,1612,150,93,2950,0,0,0,2857,2020-05-05,4712
Tokyo,22041,2020,5,6,16,36,2974,1619,155,91,2974,0,0,0,2883,2020-05-06,4748
Tokyo,22042,2020,5,7,16,23,2679,1932,160,87,2679,0,0,0,2592,2020-05-07,4771
Tokyo,22043,2020,5,8,16,39,2503,2136,171,78,2503,0,0,0,2425,2020-05-08,4810
Tokyo,22044,2020,5,9,16,36,2514,2152,180,83,2514,0,0,0,2431,2020-05-09,4846
Tokyo,22045,2020,5,10,16,22,2518,2170,180,71,2518,0,0,0,2447,2020-05-10,4868
Tokyo,22046,2020,5,11,17,15,2509,2185,189,65,2509,0,0,0,2444,2020-05-11,4883
Tokyo,22047,2020,5,12,17,104,1890,2901,196,56,1413,125,352,0,1357,2020-05-12,4987
Tokyo,22048,2020,5,13,17,10,1755,3039,203,52,1320,117,318,0,1268,2020-05-13,4997
Tokyo,22049,2020,5,14,17,30,1583,3232,212,54,1199,108,276,0,1145,2020-05-14,5027
Tokyo,22050,2020,5,15,17,9,1431,3386,219,53,1077,99,255,0,1024,2020-05-15,5036
Tokyo,22051,2020,5,16,17,14,1346,3474,230,55,1033,79,234,0,978,2020-05-16,5050
Tokyo,22052,2020,5,17,17,5,1306,3512,237,54,1024,60,222,0,970,2020-05-17,5055
Tokyo,22053,2020,5,18,18,10,1192,3632,241,52,935,54,203,0,883,2020-05-18,5065
Tokyo,22054,2020,5,19,18,5,978,3848,244,49,831,55,92,0,782,2020-05-19,5070
Tokyo,22055,2020,5,20,18,5,887,3941,247,44,749,53,85,0,705,2020-05-20,5075
Tokyo,22056,2020,5,21,18,58,804,4073,256,42,655,40,85,24,613,2020-05-21,5133
Tokyo,22057,2020,5,22,18,3,684,4189,263,42,561,39,70,14,519,2020-05-22,5136
Tokyo,22058,2020,5,23,18,2,638,4229,271,43,529,29,70,10,486,2020-05-23,5138
Tokyo,22059,2020,5,24,18,14,633,4239,280,41,517,26,68,22,476,2020-05-24,5152
Tokyo,22060,2020,5,25,19,8,561,4311,288,39,474,24,47,16,435,2020-05-25,5160
Tokyo,22061,2020,5,26,19,10,499,4379,292,33,420,25,38,16,387,2020-05-26,5170
Tokyo,22062,2020,5,27,19,10,471,4413,296,31,394,23,37,17,363,2020-05-27,5180
Tokyo,22063,2020,5,28,19,15,453,4443,299,32,380,21,31,21,348,2020-05-28,5195
Tokyo,22064,2020,5,29,19,22,414,4501,302,31,342,18,26,28,311,2020-05-29,5217
Tokyo,22065,2020,5,30,19,14,419,4508,304,31,339,20,27,33,308,2020-05-30,5231
Tokyo,22066,2020,5,31,19,5,421,4510,305,28,346,20,27,28,318,2020-05-31,5236
Tokyo,22067,2020,6,1,20,13,405,4539,305,29,329,20,29,27,300,2020-06-01,5249
Tokyo,22068,2020,6,2,20,34,391,4586,306,26,312,25,13,41,286,2020-06-02,5283
Tokyo,22069,2020,6,3,20,12,366,4623,306,27,305,24,14,23,278,2020-06-03,5295
Tokyo,22070,2020,6,4,20,28,368,4648,307,27,290,25,15,38,263,2020-06-04,5323
Tokyo,22071,2020,6,5,20,20,347,4687,309,26,272,32,14,29,246,2020-06-05,5343
Tokyo,22072,2020,6,6,20,26,363,4695,311,26,269,38,15,41,243,2020-06-06,5369
Tokyo,22073,2020,6,7,20,14,376,4696,311,26,276,51,16,33,250,2020-06-07,5383
Tokyo,22074,2020,6,8,21,13,369,4716,311,24,281,50,13,25,257,2020-06-08,5396
Tokyo,22075,2020,6,9,21,12,339,4758,311,23,264,48,13,14,241,2020-06-09,5408
Tokyo,22076,2020,6,10,21,18,330,4785,311,22,256,43,12,19,234,2020-06-10,5426
Tokyo,22077,2020,6,11,21,22,313,4824,311,21,237,36,11,29,216,2020-06-11,5448
Tokyo,22078,2020,6,12,21,25,304,4856,313,23,228,38,8,30,205,2020-06-12,5473
Tokyo,22079,2020,6,13,21,24,321,4862,314,22,234,46,5,36,212,2020-06-13,5497
Tokyo,22080,2020,6,14,21,47,364,4866,314,19,241,47,5,71,222,2020-06-14,5544
Tokyo,22081,2020,6,15,22,48,391,4887,314,21,248,58,8,77,227,2020-06-15,5592
Tokyo,22082,2020,6,16,22,27,367,4936,316,22,229,64,32,42,207,2020-06-16,5619
Tokyo,22083,2020,6,17,22,14,338,4978,317,20,230,45,32,31,210,2020-06-17,5633
Tokyo,22084,2020,6,18,22,41,340,5017,317,19,220,40,30,50,201,2020-06-18,5674
Tokyo,22085,2020,6,19,22,35,318,5071,320,18,209,37,26,46,191,2020-06-19,5709
Tokyo,22086,2020,6,20,22,39,344,5084,320,18,204,50,25,65,186,2020-06-20,5748
Tokyo,22087,2020,6,21,22,35,363,5100,320,18,219,44,25,75,201,2020-06-21,5783
Tokyo,22088,2020,6,22,23,29,343,5148,321,19,231,38,26,48,212,2020-06-22,5812
Tokyo,22089,2020,6,23,23,28,334,5183,323,20,225,45,21,43,205,2020-06-23,5840
Tokyo,22090,2020,6,24,23,55,355,5215,325,20,215,49,24,67,195,2020-06-24,5895
Tokyo,22091,2020,6,25,23,48,360,5258,325,19,218,55,23,64,199,2020-06-25,5943
Tokyo,22092,2020,6,26,23,54,377,5295,325,17,223,59,24,71,206,2020-06-26,5997
Tokyo,22093,2020,6,27,23,57,409,5320,325,14,233,54,24,98,219,2020-06-27,6054
Tokyo,22094,2020,6,28,23,60,443,5346,325,13,242,61,24,116,229,2020-06-28,6114
Tokyo,22095,2020,6,29,24,57,451,5395,325,12,272,62,37,80,260,2020-06-29,6171
Tokyo,22096,2020,6,30,24,54,453,5447,325,10,264,71,38,80,254,2020-06-30,6225
Tokyo,22097,2020,7,1,24,67,493,5474,325,10,280,76,39,98,270,2020-07-01,6292
Tokyo,22098,2020,7,2,24,107,534,5540,325,9,296,75,33,130,287,2020-07-02,6399
Tokyo,22099,2020,7,3,24,124,616,5582,325,9,324,88,42,162,315,2020-07-03,6523
Tokyo,22100,2020,7,4,24,131,712,5617,325,9,346,108,55,203,337,2020-07-04,6654
Tokyo,22101,2020,7,5,24,111,798,5642,325,9,369,128,55,246,360,2020-07-05,6765
Tokyo,22102,2020,7,6,25,102,836,5706,325,8,419,138,94,185,411,2020-07-06,6867
Tokyo,22103,2020,7,7,25,106,876,5772,325,8,427,162,96,191,419,2020-07-07,6973
Tokyo,22104,2020,7,8,25,75,847,5876,325,6,444,163,96,144,438,2020-07-08,7048
Tokyo,22105,2020,7,9,25,224,968,5979,325,6,441,145,86,296,435,2020-07-09,7272
Tokyo,22106,2020,7,10,25,243,1096,6094,325,5,487,121,141,347,482,2020-07-10,7515
Tokyo,22107,2020,7,11,25,206,1227,6169,325,5,529,82,136,480,524,2020-07-11,7721
Tokyo,22108,2020,7,12,25,206,1379,6223,325,5,580,66,254,479,575,2020-07-12,7927
Tokyo,22109,2020,7,13,26,119,1385,6336,325,6,651,80,258,396,645,2020-07-13,8046
Tokyo,22110,2020,7,14,26,143,1392,6472,325,7,679,104,273,336,672,2020-07-14,8189
Tokyo,22111,2020,7,15,26,165,1420,6608,326,8,721,109,266,324,713,2020-07-15,8354
Tokyo,22112,2020,7,16,26,286,1543,6771,326,7,760,118,248,417,753,2020-07-16,8640
Tokyo,22113,2020,7,17,26,293,1698,6909,326,10,836,107,240,515,826,2020-07-17,8933
Tokyo,22114,2020,7,18,26,290,1894,7003,326,10,875,122,341,556,865,2020-07-18,9223
Tokyo,22115,2020,7,19,26,188,2028,7057,326,12,917,136,362,613,905,2020-07-19,9411
Tokyo,22116,2020,7,20,27,168,1940,7312,327,13,920,156,363,501,907,2020-07-20,9579
Tokyo,22117,2020,7,21,27,237,1976,7513,327,14,949,155,412,460,935,2020-07-21,9816
Tokyo,22118,2020,7,22,27,238,1960,7767,327,18,916,156,418,470,898,2020-07-22,10054
Tokyo,22119,2020,7,23,27,366,2241,7852,327,21,964,168,392,717,943,2020-07-23,10420
Tokyo,22120,2020,7,24,27,260,2439,7914,327,16,1040,165,389,845,1024,2020-07-24,10680
Tokyo,22121,2020,7,25,27,295,2681,7966,328,16,1105,157,404,1015,1089,2020-07-25,10975
Tokyo,22122,2020,7,26,27,239,2762,8124,328,18,1165,179,452,966,1147,2020-07-26,11214
Tokyo,22123,2020,7,27,28,131,2553,8464,328,19,1260,212,483,598,1241,2020-07-27,11345
Tokyo,22124,2020,7,28,28,266,2525,8758,328,21,1209,213,483,620,1188,2020-07-28,11611
Tokyo,22125,2020,7,29,28,250,2423,9109,329,22,1106,218,479,620,1084,2020-07-29,11861
Tokyo,22126,2020,7,30,28,367,2460,9438,330,22,1154,225,384,697,1132,2020-07-30,12228
Tokyo,22127,2020,7,31,28,463,2744,9615,332,16,1197,288,401,858,1181,2020-07-31,12691
Tokyo,22128,2020,8,1,28,472,3083,9748,332,15,1220,319,388,1156,1205,2020-08-01,13163
Tokyo,22129,2020,8,2,28,292,3332,9791,332,15,1315,396,389,1232,1300,2020-08-02,13455
Tokyo,22130,2020,8,3,29,258,3268,10112,333,15,1365,422,524,957,1350,2020-08-03,13713
Tokyo,22131,2020,8,4,29,309,3252,10437,333,22,1382,442,508,920,1360,2020-08-04,14022
Tokyo,22132,2020,8,5,29,263,3265,10687,333,21,1475,422,498,870,1454,2020-08-05,14285
Tokyo,22133,2020,8,6,29,360,3305,11007,333,21,1476,408,492,929,1455,2020-08-06,14645
Tokyo,22134,2020,8,7,29,462,3413,11361,333,23,1475,415,477,1046,1452,2020-08-07,15107
Tokyo,22135,2020,8,8,29,429,3594,11609,333,25,1509,428,532,1125,1484,2020-08-08,15536
Tokyo,22136,2020,8,9,29,331,3756,11778,333,23,1601,439,606,1110,1578,2020-08-09,15867
Tokyo,22137,2020,8,10,30,197,3760,11970,334,24,1682,443,588,1047,1658,2020-08-10,16064
Tokyo,22138,2020,8,11,30,188,3696,12220,336,22,1710,417,625,944,1688,2020-08-11,16252
Tokyo,22139,2020,8,12,30,222,3612,12526,336,21,1659,366,626,961,1638,2020-08-12,16474
Tokyo,22140,2020,8,13,30,206,3494,12848,338,21,1658,296,642,898,1637,2020-08-13,16680
Tokyo,22141,2020,8,14,30,389,3457,13274,338,24,1560,259,645,993,1536,2020-08-14,17069
Tokyo,22142,2020,8,15,30,385,3520,13596,338,23,1541,272,679,1028,1518,2020-08-15,17454
Tokyo,22143,2020,8,16,30,260,3615,13759,340,25,1605,288,693,1029,1580,2020-08-16,17714
Tokyo,22144,2020,8,17,31,161,3519,14015,341,27,1666,287,745,821,1639,2020-08-17,17875
Tokyo,22145,2020,8,18,31,207,3338,14400,344,31,1641,278,661,758,1610,2020-08-18,18082
Tokyo,22146,2020,8,19,31,186,3109,14812,347,32,1614,279,571,645,1582,2020-08-19,18268
Tokyo,22147,2020,8,20,31,339,3150,15109,348,36,1571,290,576,713,1535,2020-08-20,18607
Tokyo,22148,2020,8,21,31,258,3106,15409,350,33,1565,303,601,637,1532,2020-08-21,18865
Tokyo,22149,2020,8,22,31,256,3209,15562,350,37,1575,323,597,714,1538,2020-08-22,19121
Tokyo,22150,2020,8,23,31,212,3257,15726,350,39,1581,345,625,706,1542,2020-08-23,19333
Tokyo,22151,2020,8,24,32,95,3049,16027,352,38,1632,332,593,492,1594,2020-08-24,19428
Tokyo,22152,2020,8,25,32,182,2895,16361,354,34,1564,279,518,534,1530,2020-08-25,19610
Tokyo,22153,2020,8,26,32,236,2797,16693,356,31,1522,267,445,563,1491,2020-08-26,19846
Tokyo,22154,2020,8,27,32,250,2735,17005,356,31,1474,248,465,548,1443,2020-08-27,20096
Tokyo,22155,2020,8,28,32,226,2553,17411,358,30,1328,251,447,527,1298,2020-08-28,20322
Tokyo,22156,2020,8,29,32,247,2681,17530,358,32,1346,275,434,626,1314,2020-08-29,20569
Tokyo,22157,2020,8,30,32,148,2687,17670,360,34,1398,281,438,570,1364,2020-08-30,20717
Tokyo,22158,2020,8,31,33,100,2595,17859,363,32,1445,294,474,382,1413,2020-08-31,20817
Tokyo,22159,2020,9,1,33,170,2565,18058,364,29,1401,265,456,443,1372,2020-09-01,20987
Tokyo,22160,2020,9,2,33,141,2525,18239,364,29,1390,253,443,439,1361,2020-09-02,21128
Tokyo,22161,2020,9,3,33,211,2487,18487,365,27,1333,241,433,480,1306,2020-09-03,21339
Tokyo,22162,2020,9,4,33,136,2371,18735,369,28,1310,244,435,382,1282,2020-09-04,21475
Tokyo,22163,2020,9,5,33,181,2412,18875,369,27,1297,220,437,458,1270,2020-09-05,21656
Tokyo,22164,2020,9,6,33,116,2436,18967,369,27,1313,221,455,447,1286,2020-09-06,21772
Tokyo,22165,2020,9,7,34,77,2306,19171,372,24,1305,206,454,341,1281,2020-09-07,21849
Tokyo,22166,2020,9,8,34,170,2201,19440,378,21,1228,179,392,402,1207,2020-09-08,22019
Tokyo,22167,2020,9,9,34,149,2202,19587,379,24,1248,189,403,362,1224,2020-09-09,22168
Tokyo,22168,2020,9,10,34,276,2253,19812,379,23,1182,186,391,494,1159,2020-09-10,22444
Tokyo,22169,2020,9,11,34,187,2232,20019,380,24,1193,215,413,411,1169,2020-09-11,22631
Tokyo,22170,2020,9,12,34,226,2366,20109,382,23,1216,235,402,513,1193,2020-09-12,22857
Tokyo,22171,2020,9,13,34,146,2450,20171,382,24,1262,279,428,481,1238,2020-09-13,23003
Tokyo,22172,2020,9,14,35,80,2351,20348,384,22,1284,279,449,339,1262,2020-09-14,23083
Tokyo,22173,2020,9,15,35,191,2285,20603,386,21,1204,261,401,419,1183,2020-09-15,23274
Tokyo,22174,2020,9,16,35,163,2211,20837,389,23,1149,272,409,381,1126,2020-09-16,23437
Tokyo,22175,2020,9,17,35,171,2198,21021,389,27,1160,253,408,377,1133,2020-09-17,23608
Tokyo,22176,2020,9,18,35,220,2230,21208,390,26,1147,242,422,419,1121,2020-09-18,23828
Tokyo,22177,2020,9,19,35,218,2278,21378,390,25,1135,245,412,486,1110,2020-09-19,24046
Tokyo,22178,2020,9,20,35,162,2346,21472,390,27,1199,253,438,456,1172,2020-09-20,24208
Tokyo,22179,2020,9,21,36,98,2375,21540,391,27,1224,267,443,441,1197,2020-09-21,24306
Tokyo,22180,2020,9,22,36,88,2349,21654,391,30,1232,239,471,407,1202,2020-09-22,24394
Tokyo,22181,2020,9,23,36,59,2210,21851,392,28,1258,216,432,304,1230,2020-09-23,24453
Tokyo,22182,2020,9,24,36,195,2132,22121,395,29,1170,172,414,376,1141,2020-09-24,24648
Tokyo,22183,2020,9,25,36,195,2015,22429,399,30,1083,169,392,371,1053,2020-09-25,24843
Tokyo,22184,2020,9,26,36,270,2163,22550,400,29,1109,184,393,477,1080,2020-09-26,25113
Tokyo,22185,2020,9,27,36,144,2210,22647,400,29,1154,225,420,411,1125,2020-09-27,25257
Tokyo,22186,2020,9,28,37,78,2150,22779,406,26,1198,240,458,254,1172,2020-09-28,25335
Tokyo,22187,2020,9,29,37,212,2184,22956,407,23,1159,249,429,347,1136,2020-09-29,25547
Tokyo,22188,2020,9,30,37,191,2183,23147,408,21,1165,257,427,334,1144,2020-09-30,25738
Tokyo,22189,2020,10,1,37,235,2134,23430,409,22,1103,246,417,368,1081,2020-10-01,25973
Tokyo,22190,2020,10,2,37,196,2051,23709,409,22,1047,256,412,336,1025,2020-10-02,26169
Tokyo,22191,2020,10,3,37,207,2067,23898,411,25,1024,257,403,383,999,2020-10-03,26376
Tokyo,22192,2020,10,4,37,108,2110,23963,411,26,1070,278,435,327,1044,2020-10-04,26484
Tokyo,22193,2020,10,5,38,66,1985,24152,413,25,1057,266,422,240,1032,2020-10-05,26550
Tokyo,22194,2020,10,6,38,177,1934,24379,414,25,976,243,401,314,951,2020-10-06,26727
Tokyo,22195,2020,10,7,38,142,1868,24585,416,24,976,236,380,276,952,2020-10-07,26869
Tokyo,22196,2020,10,8,38,248,1927,24773,417,22,979,216,366,366,957,2020-10-08,27117
Tokyo,22197,2020,10,9,38,203,1913,24986,421,21,1006,238,344,325,985,2020-10-09,27320
Tokyo,22198,2020,10,10,38,249,2004,25144,421,24,1008,251,339,406,984,2020-10-10,27569
Tokyo,22199,2020,10,11,38,146,2085,25209,421,24,1085,305,357,338,1061,2020-10-11,27715
Tokyo,22200,2020,10,12,39,78,2014,25358,421,25,1116,308,378,212,1091,2020-10-12,27793
Tokyo,22201,2020,10,13,39,166,1974,25562,423,27,1083,294,325,272,1056,2020-10-13,27959
Tokyo,22202,2020,10,14,39,177,1865,25846,425,25,1008,301,272,284,983,2020-10-14,28136
Tokyo,22203,2020,10,15,39,284,1902,26091,427,25,1000,294,254,354,975,2020-10-15,28420
Tokyo,22204,2020,10,16,39,184,1867,26306,431,25,1002,332,234,299,977,2020-10-16,28604
Tokyo,22205,2020,10,17,39,235,1931,26474,434,23,997,334,235,365,974,2020-10-17,28839
Tokyo,22206,2020,10,18,39,132,1958,26577,436,24,1051,339,256,312,1027,2020-10-18,28971
Tokyo,22207,2020,10,19,40,75,1800,26810,436,24,1062,308,252,178,1038,2020-10-19,29046
Tokyo,22208,2020,10,20,40,139,1710,27038,437,24,982,295,219,214,958,2020-10-20,29185
Tokyo,22209,2020,10,21,40,150,1669,27227,439,24,990,268,202,209,966,2020-10-21,29335
Tokyo,22210,2020,10,22,40,185,1623,27455,442,24,944,242,187,250,920,2020-10-22,29520
Tokyo,22211,2020,10,23,40,186,1635,27626,445,23,964,220,200,251,941,2020-10-23,29706
Tokyo,22212,2020,10,24,40,203,1655,27809,445,25,945,226,191,293,920,2020-10-24,29909
Tokyo,22213,2020,10,25,40,124,1697,27889,447,28,980,252,201,264,952,2020-10-25,30033
Tokyo,22214,2020,10,26,41,94,1691,27986,450,29,1037,246,212,196,1008,2020-10-26,30127
Tokyo,22215,2020,10,27,41,158,1616,28218,451,33,934,261,192,229,901,2020-10-27,30285
Tokyo,22216,2020,10,28,41,171,1632,28373,451,30,951,263,177,241,921,2020-10-28,30456
Tokyo,22217,2020,10,29,41,221,1698,28526,453,29,969,249,173,307,940,2020-10-29,30677
Tokyo,22218,2020,10,30,41,204,1708,28718,455,31,973,258,202,275,942,2020-10-30,30881
Tokyo,22219,2020,10,31,41,215,1755,28886,455,33,943,283,206,323,910,2020-10-31,31096
Tokyo,22220,2020,11,1,41,116,1799,28958,455,34,1013,298,215,273,979,2020-11-01,31212
Tokyo,22221,2020,11,2,42,81,1732,29102,459,32,1031,297,213,191,999,2020-11-02,31293
Tokyo,22222,2020,11,3,42,209,1816,29227,459,32,1024,274,192,326,992,2020-11-03,31502
Tokyo,22223,2020,11,4,42,122,1754,29411,459,35,1040,267,214,233,1005,2020-11-04,31624
Tokyo,22224,2020,11,5,42,269,1817,29615,461,38,973,264,215,365,935,2020-11-05,31893
Tokyo,22225,2020,11,6,42,242,1835,29839,461,37,978,275,243,339,941,2020-11-06,32135
Tokyo,22226,2020,11,7,42,294,1992,29976,461,36,988,316,254,434,952,2020-11-07,32429
Tokyo,22227,2020,11,8,42,189,2130,30027,461,36,1060,364,279,427,1024,2020-11-08,32618
Tokyo,22228,2020,11,9,43,149,2126,30179,462,35,1114,373,330,309,1079,2020-11-09,32767
Tokyo,22229,2020,11,10,43,293,2135,30460,465,33,1034,382,323,396,1001,2020-11-10,33060
Tokyo,22230,2020,11,11,43,317,2226,30683,468,38,1076,383,348,419,1038,2020-11-11,33377
Tokyo,22231,2020,11,12,43,393,2346,30954,470,39,1054,432,378,482,1015,2020-11-12,33770
Tokyo,22232,2020,11,13,43,374,2489,31185,470,39,1130,471,397,491,1091,2020-11-13,34144
Tokyo,22233,2020,11,14,43,352,2658,31368,470,41,1179,545,421,513,1138,2020-11-14,34496
Tokyo,22234,2020,11,15,43,255,2804,31477,470,38,1259,602,445,498,1221,2020-11-15,34751
Tokyo,22235,2020,11,16,44,180,2755,31704,472,40,1302,627,497,329,1262,2020-11-16,34931
Tokyo,22236,2020,11,17,44,298,2751,32002,476,42,1281,592,471,407,1239,2020-11-17,35229
Tokyo,22237,2020,11,18,44,493,3024,32222,476,39,1354,607,481,582,1315,2020-11-18,35722
Tokyo,22238,2020,11,19,44,534,3234,32546,476,38,1347,686,533,668,1309,2020-11-19,36256
Tokyo,22239,2020,11,20,44,522,3347,32954,477,37,1350,747,578,672,1313,2020-11-20,36778
Tokyo,22240,2020,11,21,44,539,3615,33224,478,40,1375,782,646,812,1335,2020-11-21,37317
Tokyo,22241,2020,11,22,44,391,3846,33383,479,40,1462,832,720,832,1422,2020-11-22,37708
Tokyo,22242,2020,11,23,45,314,3948,33595,479,41,1483,886,750,829,1442,2020-11-23,38022
Tokyo,22243,2020,11,24,45,175,3754,33964,479,51,1583,895,810,466,1532,2020-11-24,38197
Tokyo,22244,2020,11,25,45,401,3711,34405,482,54,1561,816,758,576,1507,2020-11-25,38598
Tokyo,22245,2020,11,26,45,481,3781,34813,485,60,1626,740,738,677,1566,2020-11-26,39079
Tokyo,22246,2020,11,27,45,570,3743,35418,488,61,1504,719,768,752,1443,2020-11-27,39649
Tokyo,22247,2020,11,28,45,561,3989,35733,488,67,1510,729,826,924,1443,2020-11-28,40210
Tokyo,22248,2020,11,29,45,418,4099,36041,488,67,1580,734,834,951,1513,2020-11-29,40628
Tokyo,22249,2020,11,30,46,311,4037,36413,489,70,1661,738,1015,623,1591,2020-11-30,40939
Tokyo,22250,2020,12,1,46,372,3937,36880,494,62,1650,712,998,577,1588,2020-12-01,41311
Tokyo,22251,2020,12,2,46,500,3964,37348,499,59,1629,716,966,653,1570,2020-12-02,41811
Tokyo,22252,2020,12,3,46,533,4174,37669,501,54,1685,725,1050,714,1631,2020-12-03,42344
Tokyo,22253,2020,12,4,46,449,4240,38044,509,53,1721,727,1159,633,1668,2020-12-04,42793
Tokyo,22254,2020,12,5,46,584,4483,38383,511,55,1744,746,1107,886,1689,2020-12-05,43377
Tokyo,22255,2020,12,6,46,327,4588,38605,511,54,1856,782,1159,791,1802,2020-12-06,43704
Tokyo,22256,2020,12,7,47,299,4362,39124,517,55,1847,806,1141,568,1792,2020-12-07,44003
Tokyo,22257,2020,12,8,47,352,4274,39558,523,60,1850,785,1078,561,1790,2020-12-08,44355
Tokyo,22258,2020,12,9,47,572,4429,39970,528,59,1820,804,1073,732,1761,2020-12-09,44927
Tokyo,22259,2020,12,10,47,602,4624,40375,530,59,1885,834,1104,801,1826,2020-12-10,45529
Tokyo,22260,2020,12,11,47,595,4619,40970,535,67,1869,869,1073,808,1802,2020-12-11,46124
Tokyo,22261,2020,12,12,47,621,4913,41297,535,68,1874,913,1105,1021,1806,2020-12-12,46745
Tokyo,22262,2020,12,13,47,480,5135,41555,535,70,1971,932,1208,1024,1901,2020-12-13,47225
Tokyo,22263,2020,12,14,48,305,5009,41983,538,73,2049,930,1396,634,1976,2020-12-14,47530
Tokyo,22264,2020,12,15,48,460,4822,42621,547,78,1976,934,1205,707,1898,2020-12-15,47990
Tokyo,22265,2020,12,16,48,678,5070,43041,557,69,1960,938,1255,917,1891,2020-12-16,48668
Tokyo,22266,2020,12,17,48,822,5350,43583,557,66,1952,928,1363,1107,1886,2020-12-17,49490
Tokyo,22267,2020,12,18,48,664,5442,44151,561,66,2054,896,1512,980,1988,2020-12-18,50154
Tokyo,22268,2020,12,19,48,736,6125,44199,566,62,2134,918,1510,1563,2072,2020-12-19,50890
Tokyo,22269,2020,12,20,48,556,6078,44802,566,66,2107,939,1705,1327,2041,2020-12-20,51446
Tokyo,22270,2020,12,21,49,392,5987,45284,567,63,2154,971,1813,1049,2091,2020-12-21,51838
Tokyo,22271,2020,12,22,49,544,5841,45973,568,64,2093,987,1825,936,2029,2020-12-22,52382
Tokyo,22272,2020,12,23,49,748,6027,46525,578,69,2103,983,1886,1055,2034,2020-12-23,53130
Tokyo,22273,2020,12,24,49,888,6259,47172,587,73,2129,966,1873,1291,2056,2020-12-24,54018
Tokyo,22274,2020,12,25,49,884,6554,47751,597,81,2139,985,2143,1287,2058,2020-12-25,54902
Tokyo,22275,2020,12,26,49,949,7123,48121,607,81,2179,1006,2269,1669,2098,2020-12-26,55851
Tokyo,22276,2020,12,27,49,708,7510,48442,607,82,2261,1006,2383,1860,2179,2020-12-27,56559
Tokyo,22277,2020,12,28,50,481,7495,48932,613,81,2303,1089,2717,1386,2222,2020-12-28,57040
Tokyo,22278,2020,12,29,50,856,7652,49626,618,84,2274,1118,2768,1492,2190,2020-12-29,57896
Tokyo,22279,2020,12,30,50,944,8235,49983,622,85,2384,1107,2975,1769,2299,2020-12-30,58840
Tokyo,22280,2020,12,31,50,1337,9185,50365,627,89,2594,1076,3174,2341,2505,2020-12-31,60177
Tokyo,22281,2021,1,1,50,783,9468,50861,631,88,2730,1013,3278,2447,2642,2021-01-01,60960
Tokyo,22282,2021,1,2,50,814,9848,51295,631,94,2781,924,3387,2756,2687,2021-01-02,61774
Tokyo,22283,2021,1,3,50,816,10301,51657,632,101,2902,886,3498,3015,2801,2021-01-03,62590
Tokyo,22284,2021,1,4,51,884,10804,52036,634,108,2995,864,4007,2938,2887,2021-01-04,63474
Tokyo,22285,2021,1,5,51,1278,11458,52646,648,111,3025,870,4480,3083,2914,2021-01-05,64752
Tokyo,22286,2021,1,6,51,1591,12431,53256,656,113,3090,924,4901,3516,2977,2021-01-06,66343
Tokyo,22287,2021,1,7,51,2447,14171,53952,667,121,3154,939,5319,4759,3033,2021-01-07,68790
Tokyo,22288,2021,1,8,51,2392,15734,54774,674,129,3178,961,5935,5660,3049,2021-01-08,71182
Tokyo,22289,2021,1,9,51,2268,17226,55542,682,129,3119,1000,6370,6737,2990,2021-01-09,73450
Tokyo,22290,2021,1,10,51,1494,18213,56046,685,128,3239,1035,7009,6930,3111,2021-01-10,74944
Tokyo,22291,2021,1,11,52,1219,18923,56551,689,131,3355,1043,7494,7031,3224,2021-01-11,76163
Tokyo,22292,2021,1,12,52,970,19029,57413,691,144,3427,1009,8452,6141,3283,2021-01-12,77133
Tokyo,22293,2021,1,13,52,1433,19207,58655,704,141,3266,981,8414,6546,3125,2021-01-13,78566
Tokyo,22294,2021,1,14,52,1502,19453,59908,707,135,3133,908,8837,6575,2998,2021-01-14,80068
Tokyo,22295,2021,1,15,52,2001,19797,61555,717,133,3020,879,8852,7046,2887,2021-01-15,82069
Tokyo,22296,2021,1,16,52,1809,19879,63279,720,136,3058,859,8431,7531,2922,2021-01-16,83878
Tokyo,22297,2021,1,17,52,1592,20646,64099,725,138,3045,831,9043,7727,2907,2021-01-17,85470
Tokyo,22298,2021,1,18,53,1204,20777,65169,728,143,3011,843,9442,7481,2868,2021-01-18,86674
Tokyo,22299,2021,1,19,53,1240,20289,66881,744,155,2941,843,8966,7539,2786,2021-01-19,87914
Tokyo,22300,2021,1,20,53,1274,19533,68901,754,160,2893,876,8965,6799,2733,2021-01-20,89188
Tokyo,22301,2021,1,21,53,1471,19481,70417,761,159,2820,860,8927,6874,2661,2021-01-21,90659
Tokyo,22302,2021,1,22,53,1175,18709,72355,770,158,2746,873,8814,6276,2588,2021-01-22,91834
Tokyo,22303,2021,1,23,53,1070,18235,73890,779,156,2829,875,8418,6113,2673,2021-01-23,92904
Tokyo,22304,2021,1,24,53,986,18227,74881,782,156,2798,882,8474,6073,2642,2021-01-24,93890
Tokyo,22305,2021,1,25,54,618,17315,76397,796,148,2808,876,8063,5568,2660,2021-01-25,94508
Tokyo,22306,2021,1,26,54,1026,16697,78028,809,148,2847,800,7510,5540,2699,2021-01-26,95534
Tokyo,22307,2021,1,27,54,973,16120,79560,827,159,2871,737,7159,5353,2712,2021-01-27,96507
Tokyo,22308,2021,1,28,54,1064,14957,81767,847,150,2888,659,6600,4810,2738,2021-01-28,97571
Tokyo,22309,2021,1,29,54,868,13807,83768,864,147,2903,693,5816,4395,2756,2021-01-29,98439
Tokyo,22310,2021,1,30,54,769,13383,84942,883,141,2882,709,5644,4148,2741,2021-01-30,99208
Tokyo,22311,2021,1,31,54,633,13257,85698,886,140,2891,683,5470,4213,2751,2021-01-31,99841
Tokyo,22312,2021,2,1,55,393,11719,87621,894,133,2899,656,4692,3472,2766,2021-02-01,100234
Tokyo,22313,2021,2,2,55,556,10765,89108,917,129,2859,622,3851,3433,2730,2021-02-02,100790
Tokyo,22314,2021,2,3,55,676,9854,90663,949,125,2876,607,3264,3107,2751,2021-02-03,101466
Tokyo,22315,2021,2,4,55,734,9116,92110,974,115,2855,576,3115,2570,2740,2021-02-04,102200
Tokyo,22316,2021,2,5,55,577,8387,93394,996,117,2816,579,2770,2222,2699,2021-02-05,102777
Tokyo,22317,2021,2,6,55,639,7717,94682,1017,114,2775,567,2123,2252,2661,2021-02-06,103416
Tokyo,22318,2021,2,7,55,429,7174,95648,1023,111,2722,578,1638,2236,2611,2021-02-07,103845
Tokyo,22319,2021,2,8,56,276,6499,96587,1035,104,2663,557,1626,1653,2559,2021-02-08,104121
Tokyo,22320,2021,2,9,56,412,5974,97506,1053,104,2606,535,1340,1493,2502,2021-02-09,104533
Tokyo,22321,2021,2,10,56,491,5818,98128,1078,103,2553,527,1265,1473,2450,2021-02-10,105024
Tokyo,22322,2021,2,11,56,434,5800,98559,1099,103,2558,515,1210,1517,2455,2021-02-11,105458
Tokyo,22323,2021,2,12,56,307,5344,99307,1114,102,2500,503,1271,1070,2398,2021-02-12,105765
Tokyo,22324,2021,2,13,56,369,5257,99752,1125,104,2445,482,1164,1166,2341,2021-02-13,106134
Tokyo,22325,2021,2,14,56,371,5204,100170,1131,103,2409,491,1073,1231,2306,2021-02-14,106505
Tokyo,22326,2021,2,15,57,1104,5592,100880,1137,97,2341,444,1028,1779,2244,2021-02-15,107609
Tokyo,22327,2021,2,16,57,350,4611,102184,1164,92,2323,416,989,883,2231,2021-02-16,107959
Tokyo,22328,2021,2,17,57,378,4358,102796,1183,87,2232,425,980,721,2145,2021-02-17,108337
Tokyo,22329,2021,2,18,57,445,4370,103202,1210,84,2147,429,995,799,2063,2021-02-18,108782
Tokyo,22330,2021,2,19,57,353,4247,103667,1221,84,2097,430,1077,643,2013,2021-02-19,109135
Tokyo,22331,2021,2,20,57,327,4244,103970,1248,82,2063,442,1015,724,1981,2021-02-20,109462
Tokyo,22332,2021,2,21,57,272,4152,104317,1265,82,2035,464,933,720,1953,2021-02-21,109734
Tokyo,22333,2021,2,22,58,178,3825,104813,1274,76,1991,453,909,472,1915,2021-02-22,109912
Tokyo,22334,2021,2,23,58,275,3775,105127,1285,77,1963,429,812,571,1886,2021-02-23,110187
Tokyo,22335,2021,2,24,58,213,3503,105595,1302,69,1882,408,764,449,1813,2021-02-24,110400
Tokyo,22336,2021,2,25,58,340,3460,105955,1325,71,1812,373,704,571,1741,2021-02-25,110740
Tokyo,22337,2021,2,26,58,270,3344,106311,1355,70,1774,365,696,509,1704,2021-02-26,111010
Tokyo,22338,2021,2,27,58,337,3342,106635,1370,68,1694,357,647,644,1626,2021-02-27,111347
Tokyo,22339,2021,2,28,58,329,3374,106926,1376,67,1696,386,576,716,1629,2021-02-28,111676
Tokyo,22340,2021,3,1,59,121,3091,107311,1395,61,1663,389,618,421,1602,2021-03-01,111797
Tokyo,22341,2021,3,2,59,232,3083,107546,1400,54,1617,378,598,490,1563,2021-03-02,112029
Tokyo,22342,2021,3,3,59,316,2979,107947,1419,52,1548,384,529,518,1496,2021-03-03,112345
Tokyo,22343,2021,3,4,59,279,2939,108243,1442,51,1519,409,548,463,1468,2021-03-04,112624
Tokyo,22344,2021,3,5,59,301,2884,108587,1454,49,1449,412,552,471,1400,2021-03-05,112925
Tokyo,22345,2021,3,6,59,293,2892,108864,1462,51,1393,409,559,531,1342,2021-03-06,113218
Tokyo,22346,2021,3,7,59,237,2896,109097,1462,52,1418,417,532,529,1366,2021-03-07,113455
Tokyo,22347,2021,3,8,60,116,2699,109393,1479,46,1427,417,570,285,1381,2021-03-08,113571
Tokyo,22348,2021,3,9,60,290,2660,109701,1500,39,1361,387,491,421,1322,2021-03-09,113861
Tokyo,22349,2021,3,10,60,340,2651,110032,1518,39,1333,368,522,428,1294,2021-03-10,114201
Tokyo,22350,2021,3,11,60,335,2668,110332,1536,39,1301,380,560,427,1262,2021-03-11,114536
Tokyo,22351,2021,3,12,60,304,2657,110622,1561,37,1279,420,569,389,1242,2021-03-12,114840
Tokyo,22352,2021,3,13,60,330,2746,110847,1577,40,1262,443,576,465,1222,2021-03-13,115170
Tokyo,22353,2021,3,14,60,239,2757,111072,1580,41,1250,472,585,450,1209,2021-03-14,115409
Tokyo,22354,2021,3,15,61,175,2628,111367,1589,42,1270,491,601,266,1228,2021-03-15,115584
Tokyo,22355,2021,3,16,61,300,2678,111601,1605,42,1268,485,542,383,1226,2021-03-16,115884
Tokyo,22356,2021,3,17,61,409,2797,111884,1612,41,1270,501,550,476,1229,2021-03-17,116293
Tokyo,22357,2021,3,18,61,323,2831,112161,1624,44,1293,531,586,421,1249,2021-03-18,116616
Tokyo,22358,2021,3,19,61,303,2819,112470,1630,46,1318,537,593,371,1272,2021-03-19,116919
Tokyo,22359,2021,3,20,61,342,2947,112682,1632,47,1357,544,572,474,1310,2021-03-20,117261
Tokyo,22360,2021,3,21,61,256,2978,112903,1636,47,1355,585,573,465,1308,2021-03-21,117517
Tokyo,22361,2021,3,22,62,187,2817,113244,1643,47,1372,554,573,318,1325,2021-03-22,117704
Tokyo,22362,2021,3,23,62,337,2890,113490,1661,42,1379,567,535,409,1337,2021-03-23,118041
Tokyo,22363,2021,3,24,62,420,2976,113818,1667,42,1371,547,563,495,1329,2021-03-24,118461
Tokyo,22364,2021,3,25,62,394,3059,114122,1674,41,1392,569,628,470,1351,2021-03-25,118855
Tokyo,22365,2021,3,26,62,376,3074,114468,1689,45,1399,599,624,452,1354,2021-03-26,119231
Tokyo,22366,2021,3,27,62,430,3268,114688,1705,44,1437,628,617,586,1393,2021-03-27,119661
Tokyo,22367,2021,3,28,62,313,3256,114993,1725,41,1419,676,608,553,1378,2021-03-28,119974
Tokyo,22368,2021,3,29,63,234,3090,115381,1737,40,1436,658,684,312,1396,2021-03-29,120208
Tokyo,22369,2021,3,30,63,364,3135,115690,1747,39,1468,628,595,444,1429,2021-03-30,120572
Tokyo,22370,2021,3,31,63,414,3204,116012,1770,45,1466,630,616,492,1421,2021-03-31,120986
Tokyo,22371,2021,4,1,63,475,3430,116257,1774,44,1462,653,641,674,1418,2021-04-01,121461
Tokyo,22372,2021,4,2,63,440,3601,116524,1776,43,1516,677,644,764,1473,2021-04-02,121901
Tokyo,22373,2021,4,3,63,446,3658,116913,1776,48,1526,709,611,812,1478,2021-04-03,122347
Tokyo,22374,2021,4,4,63,355,3667,117259,1776,47,1521,744,579,823,1474,2021-04-04,122702
Tokyo,22375,2021,4,5,64,249,3570,117602,1779,46,1526,764,551,729,1480,2021-04-05,122951
Tokyo,22376,2021,4,6,64,399,3652,117913,1785,44,1555,794,549,754,1511,2021-04-06,123350
Tokyo,22377,2021,4,7,64,555,3821,118295,1789,41,1500,818,611,892,1459,2021-04-07,123905
Tokyo,22378,2021,4,8,64,545,3924,118732,1794,41,1521,836,749,818,1480,2021-04-08,124450
Tokyo,22379,2021,4,9,64,537,3976,119213,1798,43,1510,880,773,813,1467,2021-04-09,124987
Tokyo,22380,2021,4,10,64,570,4138,119616,1803,37,1505,956,767,910,1468,2021-04-10,125557
Tokyo,22381,2021,4,11,64,421,4162,120013,1803,39,1511,1028,762,861,1472,2021-04-11,125978
Tokyo,22382,2021,4,12,65,306,3995,120485,1804,42,1484,1037,772,702,1442,2021-04-12,126284
Tokyo,22383,2021,4,13,65,510,4054,120929,1811,41,1462,1021,793,778,1421,2021-04-13,126794
Tokyo,22384,2021,4,14,65,591,4148,121418,1819,41,1424,1058,820,846,1383,2021-04-14,127385
Tokyo,22385,2021,4,15,65,729,4410,121876,1828,37,1428,1106,892,984,1391,2021-04-15,128114
Tokyo,22386,2021,4,16,65,667,4526,122419,1836,43,1433,1159,1017,917,1390,2021-04-16,128781
Tokyo,22387,2021,4,17,65,759,4819,122875,1846,45,1457,1220,1051,1091,1412,2021-04-17,129540
Tokyo,22388,2021,4,18,65,543,4845,123391,1847,45,1486,1296,1063,1000,1441,2021-04-18,130083
Tokyo,22389,2021,4,19,66,405,4785,123856,1847,47,1532,1319,1094,840,1485,2021-04-19,130488
Tokyo,22390,2021,4,20,66,711,4980,124367,1852,50,1571,1296,1092,1021,1521,2021-04-20,131199
Tokyo,22391,2021,4,21,66,843,5314,124872,1856,48,1606,1320,1222,1166,1558,2021-04-21,132042
Tokyo,22392,2021,4,22,66,861,5597,125442,1864,48,1689,1344,1300,1264,1641,2021-04-22,132903
Tokyo,22393,2021,4,23,66,759,5802,125991,1869,52,1731,1415,1369,1287,1679,2021-04-23,133662
Tokyo,22394,2021,4,24,66,876,6049,126617,1872,51,1779,1416,1395,1459,1728,2021-04-24,134538
Tokyo,22395,2021,4,25,66,635,6034,127263,1876,50,1812,1498,1489,1235,1762,2021-04-25,135173
Tokyo,22396,2021,4,26,67,425,5862,127860,1876,55,1937,1502,1586,837,1882,2021-04-26,135598
Tokyo,22397,2021,4,27,67,828,5946,128601,1879,55,1923,1467,1460,1096,1868,2021-04-27,136426
Tokyo,22398,2021,4,28,67,925,6227,129244,1880,53,1931,1503,1549,1244,1878,2021-04-28,137351
Tokyo,22399,2021,4,29,67,1027,6536,129953,1889,58,1955,1466,1662,1453,1897,2021-04-29,138378
Tokyo,22400,2021,4,30,67,698,6555,130630,1891,65,2015,1489,1783,1268,1950,2021-04-30,139076
Tokyo,22401,2021,5,1,67,1050,6836,131393,1897,63,2018,1514,1839,1465,1955,2021-05-01,140126
Tokyo,22402,2021,5,2,67,879,7009,132098,1898,63,2017,1557,1983,1452,1954,2021-05-02,141005
Tokyo,22403,2021,5,3,68,708,7023,132792,1898,65,2062,1551,2062,1348,1997,2021-05-03,141713
Tokyo,22404,2021,5,4,68,609,6935,133488,1899,65,2128,1488,2154,1165,2063,2021-05-04,142322
Tokyo,22405,2021,5,5,68,621,6911,134133,1899,69,2167,1465,2110,1169,2098,2021-05-05,142943
Tokyo,22406,2021,5,6,68,591,6970,134661,1903,72,2255,1289,2098,1328,2183,2021-05-06,143534
Tokyo,22407,2021,5,7,68,907,6845,135687,1909,69,2265,1152,2157,1271,2196,2021-05-07,144441
Tokyo,22408,2021,5,8,68,1121,7164,136483,1915,71,2277,1136,2056,1695,2206,2021-05-08,145562
Tokyo,22409,2021,5,9,68,1032,7372,137304,1918,73,2321,1204,2155,1692,2248,2021-05-09,146594
Tokyo,22410,2021,5,10,69,573,7177,138070,1920,78,2346,1219,2253,1359,2268,2021-05-10,147167
Tokyo,22411,2021,5,11,69,925,7169,139000,1923,81,2393,1160,2194,1422,2312,2021-05-11,148092
Tokyo,22412,2021,5,12,69,969,7224,139906,1931,86,2399,1182,2230,1413,2313,2021-05-12,149061
Tokyo,22413,2021,5,13,69,1010,7337,140796,1938,84,2358,1263,2268,1448,2274,2021-05-13,150071
Tokyo,22414,2021,5,14,69,854,7506,141479,1940,84,2410,1335,2350,1411,2326,2021-05-14,150925
Tokyo,22415,2021,5,15,69,772,7436,142310,1951,85,2410,1380,2306,1340,2325,2021-05-15,151697
Tokyo,22416,2021,5,16,69,542,7235,143053,1951,84,2431,1385,2402,1017,2347,2021-05-16,152239
Tokyo,22417,2021,5,17,70,419,6790,143910,1958,85,2430,1328,2336,696,2345,2021-05-17,152658
Tokyo,22418,2021,5,18,70,732,6545,144876,1969,81,2383,1230,2025,907,2302,2021-05-18,153390
Tokyo,22419,2021,5,19,70,766,6353,145819,1984,73,2361,1176,1903,913,2288,2021-05-19,154156
Tokyo,22420,2021,5,20,70,843,6453,146549,1997,69,2351,1171,1904,1027,2282,2021-05-20,154999
Tokyo,22421,2021,5,21,70,649,6232,147406,2010,65,2321,1138,1874,899,2256,2021-05-21,155648
Tokyo,22422,2021,5,22,70,602,6198,148037,2015,62,2273,1135,1965,825,2211,2021-05-22,156250
Tokyo,22423,2021,5,23,70,535,5857,148911,2017,61,2273,1123,1672,789,2212,2021-05-23,156785
Tokyo,22424,2021,5,24,71,340,5519,149589,2017,68,2277,1099,1629,514,2209,2021-05-24,157125
Tokyo,22425,2021,5,25,71,542,5367,150274,2026,71,2197,1074,1420,676,2126,2021-05-25,157667
Tokyo,22426,2021,5,26,71,743,5500,150879,2031,70,2182,1052,1395,871,2112,2021-05-26,158410
Tokyo,22427,2021,5,27,71,684,5569,151483,2042,69,2171,1081,1509,808,2102,2021-05-27,159094
Tokyo,22428,2021,5,28,71,614,5429,152231,2048,70,2126,1065,1490,748,2056,2021-05-28,159708
Tokyo,22429,2021,5,29,71,539,5381,152812,2054,78,2120,1088,1413,760,2042,2021-05-29,160247
Tokyo,22430,2021,5,30,71,448,5211,153430,2054,77,2078,1100,1318,715,2001,2021-05-30,160695
Tokyo,22431,2021,5,31,72,260,4826,154074,2055,75,2044,1088,1347,347,1969,2021-05-31,160955
Tokyo,22432,2021,6,1,72,471,4774,154590,2062,70,2015,1012,1200,547,1945,2021-06-01,161426
Tokyo,22433,2021,6,2,72,487,4686,155152,2075,73,1932,988,1176,590,1859,2021-06-02,161913
Tokyo,22434,2021,6,3,72,508,4666,155664,2091,67,1928,942,1191,605,1861,2021-06-03,162421
Tokyo,22435,2021,6,4,72,472,4533,156265,2095,62,1860,910,1193,570,1798,2021-06-04,162893
Tokyo,22436,2021,6,5,72,436,4440,156786,2103,62,1820,903,1162,555,1758,2021-06-05,163329
Tokyo,22437,2021,6,6,72,351,4286,157286,2108,60,1782,901,1065,538,1722,2021-06-06,163680
Tokyo,22438,2021,6,7,73,235,3937,157867,2111,61,1734,857,999,347,1673,2021-06-07,163915
Tokyo,22439,2021,6,8,73,369,3771,158392,2121,60,1699,805,805,462,1639,2021-06-08,164284
Tokyo,22440,2021,6,9,73,440,3739,158857,2128,57,1626,767,835,511,1569,2021-06-09,164724
Tokyo,22441,2021,6,10,73,439,3693,159336,2134,55,1563,751,855,524,1508,2021-06-10,165163
Tokyo,22442,2021,6,11,73,435,3628,159828,2142,51,1522,748,839,519,1471,2021-06-11,165598
Tokyo,22443,2021,6,12,73,467,3671,160244,2150,46,1484,771,836,580,1438,2021-06-12,166065
Tokyo,22444,2021,6,13,73,304,3618,160595,2156,47,1483,812,823,500,1436,2021-06-13,166369
Tokyo,22445,2021,6,14,74,209,3348,161071,2159,46,1436,826,791,295,1390,2021-06-14,166578
Tokyo,22446,2021,6,15,74,337,3287,161457,2171,45,1377,804,691,415,1332,2021-06-15,166915
Tokyo,22447,2021,6,16,74,501,3402,161831,2183,45,1346,778,681,597,1301,2021-06-16,167416
Tokyo,22448,2021,6,17,74,452,3463,162215,2190,40,1333,799,785,546,1293,2021-06-17,167868
Tokyo,22449,2021,6,18,74,453,3458,162671,2192,42,1303,814,788,553,1261,2021-06-18,168321
Tokyo,22450,2021,6,19,74,388,3456,163057,2196,43,1286,848,792,530,1243,2021-06-19,168709
Tokyo,22451,2021,6,20,74,376,3429,163459,2197,45,1270,866,740,553,1225,2021-06-20,169085
Tokyo,22452,2021,6,21,75,236,3269,163854,2198,47,1282,853,793,341,1235,2021-06-21,169321
Tokyo,22453,2021,6,22,75,435,3322,164231,2203,45,1285,831,695,511,1240,2021-06-22,169756
Tokyo,22454,2021,6,23,75,619,3590,164572,2213,44,1301,881,712,696,1257,2021-06-23,170375
Tokyo,22455,2021,6,24,75,570,3778,164951,2216,43,1360,921,822,675,1317,2021-06-24,170945
Tokyo,22456,2021,6,25,75,562,3970,165319,2218,38,1385,995,917,673,1347,2021-06-25,171507
Tokyo,22457,2021,6,26,75,534,4154,165665,2222,37,1427,1065,967,695,1390,2021-06-26,172041
Tokyo,22458,2021,6,27,75,386,4135,166069,2223,37,1449,1133,988,565,1412,2021-06-27,172427
Tokyo,22459,2021,6,28,76,317,4068,166449,2227,41,1491,1146,1031,400,1450,2021-06-28,172744
Tokyo,22460,2021,6,29,76,476,4148,166841,2231,43,1510,1139,929,570,1467,2021-06-29,173220
Tokyo,22461,2021,6,30,76,714,4434,167266,2234,47,1553,1134,954,793,1506,2021-06-30,173934
Tokyo,22462,2021,7,1,76,673,4605,167766,2236,51,1557,1176,1006,866,1506,2021-07-01,174607
Tokyo,22463,2021,7,2,76,660,4741,168288,2238,54,1620,1238,1080,803,1566,2021-07-02,175267
Tokyo,22464,2021,7,3,76,716,4981,168764,2238,50,1625,1312,1095,949,1575,2021-07-03,175983
Tokyo,22465,2021,7,4,76,518,5065,169197,2239,51,1640,1424,1149,852,1589,2021-07-04,176501
Tokyo,22466,2021,7,5,77,342,4878,169725,2240,57,1674,1440,1206,558,1617,2021-07-05,176843
Tokyo,22467,2021,7,6,77,593,4935,170260,2241,63,1677,1412,1100,746,1614,2021-07-06,177436
Tokyo,22468,2021,7,7,77,920,5360,170752,2244,62,1673,1455,1183,1049,1611,2021-07-07,178356
Tokyo,22469,2021,7,8,77,896,5685,171321,2246,60,1782,1488,1406,1009,1722,2021-07-08,179252
Tokyo,22470,2021,7,9,77,822,5885,171941,2248,62,1857,1545,1516,967,1795,2021-07-09,180074
Tokyo,22471,2021,7,10,77,950,6270,172501,2253,63,1870,1623,1554,1223,1807,2021-07-10,181024
Tokyo,22472,2021,7,11,77,614,6246,173136,2256,61,1902,1635,1678,1031,1841,2021-07-11,181638
Tokyo,22473,2021,7,12,78,502,6164,173720,2256,55,1947,1655,1838,724,1892,2021-07-12,182140
Tokyo,22474,2021,7,13,78,830,6366,174346,2258,58,1986,1639,1785,956,1928,2021-07-13,182970
Tokyo,22475,2021,7,14,78,1149,6864,174993,2262,54,2023,1696,1841,1304,1969,2021-07-14,184119
Tokyo,22476,2021,7,15,78,1308,7466,175695,2266,57,2084,1734,2137,1511,2027,2021-07-15,185427
Tokyo,22477,2021,7,16,78,1271,8078,176353,2267,53,2224,1708,2598,1548,2171,2021-07-16,186698
Tokyo,22478,2021,7,17,78,1410,8764,177075,2269,59,2281,1702,2661,2120,2222,2021-07-17,188108
Tokyo,22479,2021,7,18,78,1008,8993,177854,2269,58,2304,1727,3005,1957,2246,2021-07-18,189116
Tokyo,22480,2021,7,19,79,727,8881,178692,2270,60,2346,1785,3622,1128,2286,2021-07-19,189843
Tokyo,22481,2021,7,20,79,1387,9485,179473,2272,60,2388,1769,3657,1671,2328,2021-07-20,191230
Tokyo,22482,2021,7,21,79,1832,10396,180390,2276,64,2466,1798,4068,2064,2402,2021-07-21,193062
Tokyo,22483,2021,7,22,79,1979,11637,181128,2276,65,2544,1772,4512,2809,2479,2021-07-22,195041
Tokyo,22484,2021,7,23,79,1359,11957,182166,2277,68,2558,1758,5172,2469,2490,2021-07-23,196400
Tokyo,22485,2021,7,24,79,1128,11881,183370,2277,74,2638,1752,5460,2031,2564,2021-07-24,197528
Tokyo,22486,2021,7,25,79,1763,12635,184379,2277,72,2632,1762,5601,2640,2560,2021-07-25,199291
Tokyo,22487,2021,7,26,80,1429,12831,185612,2277,78,2717,1799,5991,2324,2639,2021-07-26,200720
Tokyo,22488,2021,7,27,80,2848,14372,186917,2279,82,2864,1827,6277,3404,2782,2021-07-27,203568
Tokyo,22489,2021,7,28,80,3177,16344,188116,2285,80,2995,1829,7348,4172,2915,2021-07-28,206745
Tokyo,22490,2021,7,29,80,3865,18910,189412,2288,81,3039,1819,8477,5575,2958,2021-07-29,210610
Tokyo,22491,2021,7,30,80,3300,20817,190803,2290,88,3135,1784,9793,6105,3047,2021-07-30,213910
Tokyo,22492,2021,7,31,80,4058,23319,192356,2293,95,3209,1758,10392,7960,3114,2021-07-31,217968
Tokyo,22493,2021,8,1,80,3058,24774,193959,2293,101,3166,1739,11018,8851,3065,2021-08-01,221026
Tokyo,22494,2021,8,2,81,2195,25431,195497,2293,114,3231,1769,12161,8270,3117,2021-08-02,223221
Tokyo,22495,2021,8,3,81,3709,27585,197045,2300,112,3351,1798,14019,8417,3239,2021-08-03,226930
Tokyo,22496,2021,8,4,81,4166,29703,199092,2301,115,3399,1813,14783,9708,3284,2021-08-04,231096
Tokyo,22497,2021,8,5,81,5042,32664,201172,2302,135,3383,1825,16913,10543,3248,2021-08-05,236138
Tokyo,22498,2021,8,6,81,4515,34235,204112,2306,141,3383,1815,18036,11001,3242,2021-08-06,240653
Tokyo,22499,2021,8,7,81,4566,35906,207003,2310,150,3485,1817,18444,12160,3335,2021-08-07,245219
Tokyo,22500,2021,8,8,81,4066,36481,210493,2311,151,3517,1908,17812,13244,3366,2021-08-08,249285
Tokyo,22501,2021,8,9,82,2884,36075,213780,2314,157,3525,1869,17356,13325,3368,2021-08-09,252169
Tokyo,22502,2021,8,10,82,2612,34902,217562,2317,176,3594,1820,17683,11805,3418,2021-08-10,254781
Tokyo,22503,2021,8,11,82,4200,35689,220973,2319,197,3667,1765,19396,10861,3470,2021-08-11,258981
Tokyo,22504,2021,8,12,82,4989,37938,223707,2325,218,3668,1762,20726,11782,3450,2021-08-12,263970
Tokyo,22505,2021,8,13,82,5773,39802,227609,2332,227,3727,1778,21723,12574,3500,2021-08-13,269743
Tokyo,22506,2021,8,14,82,5094,40906,231599,2332,245,3762,1788,21729,13627,3517,2021-08-14,274837
Tokyo,22507,2021,8,15,82,4295,40525,236272,2335,251,3749,1525,21256,13995,3498,2021-08-15,279132
Tokyo,22508,2021,8,16,83,2962,39318,240436,2340,268,3881,1629,22166,11642,3613,2021-08-16,282094
Tokyo,22509,2021,8,17,83,4377,38867,245256,2348,276,3800,1726,22164,11177,3524,2021-08-17,286471
Tokyo,22510,2021,8,18,83,5386,40197,249306,2354,275,3815,1807,22226,12349,3540,2021-08-18,291857
Tokyo,22511,2021,8,19,83,5534,42545,252488,2358,274,3864,1840,24172,12669,3590,2021-08-19,297391
Tokyo,22512,2021,8,20,83,5405,44503,255928,2365,273,3845,1873,26297,12488,3572,2021-08-20,302796
Tokyo,22513,2021,8,21,83,5074,45456,260043,2371,270,3964,1900,26409,13183,3694,2021-08-21,307870
Tokyo,22514,2021,8,22,83,4392,45373,264510,2379,271,3968,1975,24704,14726,3697,2021-08-22,312262
Tokyo,22515,2021,8,23,84,2447,42665,269660,2384,272,4034,1996,25156,11479,3762,2021-08-23,314709
Tokyo,22516,2021,8,24,84,4220,41654,274882,2393,268,4124,1991,24673,10866,3856,2021-08-24,318929
Tokyo,22517,2021,8,25,84,4228,41368,279385,2404,277,4154,2019,25169,10026,3877,2021-08-25,323157
Tokyo,22518,2021,8,26,84,4704,42460,282986,2415,276,4156,1993,25934,10377,3880,2021-08-26,327861
Tokyo,22519,2021,8,27,84,4227,41886,287769,2433,294,4226,2006,25040,10614,3932,2021-08-27,332088
Tokyo,22520,2021,8,28,84,3581,40698,292519,2452,297,4258,2081,24083,10276,3961,2021-08-28,335669
Tokyo,22521,2021,8,29,84,3081,39311,296973,2466,296,4251,2131,21738,11191,3955,2021-08-29,338750
Tokyo,22522,2021,8,30,85,1915,36266,301921,2478,287,4242,2166,22320,7538,3955,2021-08-30,340665
Tokyo,22523,2021,8,31,85,2909,33993,307088,2493,287,4303,2121,20777,6792,4016,2021-08-31,343574
Tokyo,22524,2021,9,1,85,3168,33118,311124,2500,286,4271,2180,19797,6870,3985,2021-09-01,346742
Tokyo,22525,2021,9,2,85,3099,33356,313975,2510,291,4299,2197,20172,6688,4008,2021-09-02,349841
Tokyo,22526,2021,9,3,85,2539,31508,318352,2520,278,4339,2150,19430,5589,4061,2021-09-03,352380
Tokyo,22527,2021,9,4,85,2362,30334,321873,2535,267,4351,2126,17603,6254,4084,2021-09-04,354742
Tokyo,22528,2021,9,5,85,1853,28064,325986,2545,264,4292,2143,15927,5702,4028,2021-09-05,356595
Tokyo,22529,2021,9,6,86,968,27129,327873,2561,267,4215,2038,16903,3973,3948,2021-09-06,357563
Tokyo,22530,2021,9,7,86,1629,23029,333586,2577,260,4164,1878,13459,3528,3904,2021-09-07,359192
Tokyo,22531,2021,9,8,86,1834,21887,336545,2594,252,4008,1791,12486,3602,3756,2021-09-08,361026
Tokyo,22532,2021,9,9,86,1675,21067,339021,2613,251,3909,1697,12287,3174,3658,2021-09-09,362701
Tokyo,22533,2021,9,10,86,1242,19075,342240,2628,243,3754,1650,11162,2509,3511,2021-09-10,363943
Tokyo,22534,2021,9,11,86,1273,17839,344732,2645,233,3649,1591,9779,2820,3416,2021-09-11,365216
Tokyo,22535,2021,9,12,86,1067,16353,347264,2666,230,3570,1522,8352,2909,3340,2021-09-12,366283
Tokyo,22536,2021,9,13,87,611,14325,349891,2678,225,3467,1454,7851,1553,3242,2021-09-13,366894
Tokyo,22537,2021,9,14,87,1004,13159,352047,2692,208,3335,1374,6800,1650,3127,2021-09-14,367898
Tokyo,22538,2021,9,15,87,1052,12204,354034,2712,198,3097,1381,5971,1755,2899,2021-09-15,368950
Tokyo,22539,2021,9,16,87,831,11657,355388,2736,182,2879,1307,6026,1445,2697,2021-09-16,369781
Tokyo,22540,2021,9,17,87,782,10914,356888,2761,179,2684,1272,5625,1333,2505,2021-09-17,370563
Tokyo,22541,2021,9,18,87,862,10141,358503,2781,177,2511,1108,4866,1656,2334,2021-09-18,371425
Tokyo,22542,2021,9,19,87,565,9415,359778,2797,171,2436,1139,4435,1405,2265,2021-09-19,371990
Tokyo,22543,2021,9,20,88,302,8629,360862,2801,169,2406,1026,3932,1265,2237,2021-09-20,372292
Tokyo,22544,2021,9,21,88,253,7383,362358,2804,152,2196,898,3565,724,2044,2021-09-21,372545
Tokyo,22545,2021,9,22,88,537,6872,363390,2820,146,2046,835,3085,906,1900,2021-09-22,373082
Tokyo,22546,2021,9,23,88,531,6651,364124,2838,143,1943,755,2919,1034,1800,2021-09-23,373613
Tokyo,22547,2021,9,24,88,235,5678,365317,2853,139,1725,695,2722,536,1586,2021-09-24,373848
Tokyo,22548,2021,9,25,88,382,5298,366071,2861,131,1632,601,2344,721,1501,2021-09-25,374230
Tokyo,22549,2021,9,26,88,299,4654,367003,2872,129,1553,538,1908,655,1424,2021-09-26,374529
Tokyo,22550,2021,9,27,89,154,4120,367680,2883,125,1378,506,1810,426,1253,2021-09-27,374683
Tokyo,22551,2021,9,28,89,248,3749,368291,2891,117,1266,470,1509,504,1149,2021-09-28,374931
Tokyo,22552,2021,9,29,89,267,3532,368758,2908,107,1181,486,1374,491,1074,2021-09-29,375198
Tokyo,22553,2021,9,30,89,218,3306,369190,2920,100,1080,487,1304,435,980,2021-09-30,375416
Tokyo,22554,2021,10,1,89,200,3062,369620,2934,93,979,413,1244,426,886,2021-10-01,375616
Tokyo,22555,2021,10,2,89,196,2958,369907,2947,88,932,387,1183,456,844,2021-10-02,375812
Tokyo,22556,2021,10,3,89,161,2785,370234,2954,88,901,356,1072,456,813,2021-10-03,375973
Tokyo,22557,2021,10,4,90,87,2533,370567,2960,77,854,321,1026,332,777,2021-10-04,376060
Tokyo,22558,2021,10,5,90,144,2236,371003,2965,74,811,273,809,343,737,2021-10-05,376204
Tokyo,22559,2021,10,6,90,149,1993,371385,2975,77,751,248,650,344,674,2021-10-06,376353
Tokyo,22560,2021,10,7,90,143,1869,371633,2994,70,688,217,631,333,618,2021-10-07,376496
Tokyo,22561,2021,10,8,90,138,1748,371874,3012,68,644,194,618,292,576,2021-10-08,376634
Tokyo,22562,2021,10,9,90,82,1637,372058,3021,68,615,177,586,259,547,2021-10-09,376716
Tokyo,22563,2021,10,10,90,60,1565,372183,3028,67,602,171,556,236,535,2021-10-10,376776
Tokyo,22564,2021,10,11,91,49,1400,372391,3034,62,567,147,491,195,505,2021-10-11,376825
Tokyo,22565,2021,10,12,91,77,1268,372590,3044,55,519,129,407,213,464,2021-10-12,376902
Tokyo,22566,2021,10,13,91,72,1150,372767,3057,43,480,118,343,209,437,2021-10-13,376974
Tokyo,22567,2021,10,14,91,62,1085,372882,3069,40,447,102,334,202,407,2021-10-14,377036
Tokyo,22568,2021,10,15,91,57,1023,372994,3076,39,413,102,311,197,374,2021-10-15,377093
Tokyo,22569,2021,10,16,91,66,981,373095,3083,35,390,87,285,219,355,2021-10-16,377159
Tokyo,22570,2021,10,17,91,40,923,373187,3089,35,377,85,264,197,342,2021-10-17,377199
Tokyo,22571,2021,10,18,92,29,784,373349,3095,31,326,71,221,166,295,2021-10-18,377228
Tokyo,22572,2021,10,19,92,36,731,373425,3108,26,309,68,189,165,283,2021-10-19,377264
Tokyo,22573,2021,10,20,92,41,676,373516,3113,27,280,66,172,158,253,2021-10-20,377305
Tokyo,22574,2021,10,21,92,36,626,373600,3115,24,256,61,175,134,232,2021-10-21,377341
Tokyo,22575,2021,10,22,92,26,589,373662,3116,21,240,57,168,124,219,2021-10-22,377367
Tokyo,22576,2021,10,23,92,32,600,373682,3117,22,239,59,165,137,217,2021-10-23,377399
Tokyo,22577,2021,10,24,92,19,572,373729,3117,22,237,52,155,128,215,2021-10-24,377418
Tokyo,22578,2021,10,25,93,17,518,373797,3120,20,226,40,149,103,206,2021-10-25,377435
Tokyo,22579,2021,10,26,93,29,446,373893,3125,17,184,38,118,106,167,2021-10-26,377464
Tokyo,22580,2021,10,27,93,36,426,373947,3127,16,177,38,115,96,161,2021-10-27,377500
Tokyo,22581,2021,10,28,93,21,401,373990,3130,15,179,39,113,70,164,2021-10-28,377521
Tokyo,22582,2021,10,29,93,4089,378,378090,3142,14,166,39,101,72,152,2021-10-29,381610
Tokyo,22583,2021,10,30,93,23,367,378119,3147,14,156,36,101,74,142,2021-10-30,381633
Tokyo,22584,2021,10,31,93,22,368,378140,3147,14,156,34,97,81,142,2021-10-31,381655
Tokyo,22585,2021,11,1,94,9,325,378191,3148,14,140,34,94,57,126,2021-11-01,381664
Tokyo,22586,2021,11,2,94,18,315,378218,3149,14,130,33,88,64,116,2021-11-02,381682
Tokyo,22587,2021,11,3,94,25,322,378233,3152,14,134,32,82,74,120,2021-11-03,381707
Tokyo,22588,2021,11,4,94,14,293,378274,3154,12,120,30,79,64,108,2021-11-04,381721
Tokyo,22589,2021,11,5,94,25,252,378339,3155,12,105,30,47,70,93,2021-11-05,381746
Tokyo,22590,2021,11,6,94,29,265,378355,3155,12,108,33,48,76,96,2021-11-06,381775
Tokyo,22591,2021,11,7,94,21,274,378367,3155,12,113,37,57,67,101,2021-11-07,381796
Tokyo,22592,2021,11,8,95,18,270,378388,3156,10,111,36,65,58,101,2021-11-08,381814
Tokyo,22593,2021,11,9,95,30,273,378414,3157,10,122,32,60,59,112,2021-11-09,381844
Tokyo,22594,2021,11,10,95,25,267,378445,3157,10,118,38,58,53,108,2021-11-10,381869
Tokyo,22595,2021,11,11,95,31,269,378473,3158,9,115,40,58,56,106,2021-11-11,381900
Tokyo,22596,2021,11,12,95,22,250,378514,3158,8,109,38,65,38,101,2021-11-12,381922
Tokyo,22597,2021,11,13,95,24,256,378532,3158,10,107,36,70,43,97,2021-11-13,381946
Tokyo,22598,2021,11,14,95,22,248,378562,3158,10,106,32,64,46,96,2021-11-14,381968
Tokyo,22599,2021,11,15,96,7,222,378595,3158,10,107,28,63,24,97,2021-11-15,381975
Tokyo,22600,2021,11,16,96,15,219,378613,3158,10,106,29,54,30,96,2021-11-16,381990
Tokyo,22601,2021,11,17,96,27,221,378636,3160,10,102,27,50,42,92,2021-11-17,382017
Tokyo,22602,2021,11,18,96,20,199,378677,3161,10,94,24,53,28,84,2021-11-18,382037
Tokyo,22603,2021,11,19,96,16,193,378699,3161,9,90,26,50,27,81,2021-11-19,382053
Tokyo,22604,2021,11,20,96,16,191,378715,3163,9,86,26,48,31,77,2021-11-20,382069
Tokyo,22605,2021,11,21,96,20,192,378734,3163,9,82,26,47,37,73,2021-11-21,382089
Tokyo,22606,2021,11,22,97,6,163,378768,3164,8,82,24,44,13,74,2021-11-22,382095
Tokyo,22607,2021,11,23,97,17,170,378778,3164,8,79,28,39,24,71,2021-11-23,382112
Tokyo,22608,2021,11,24,97,5,160,378793,3164,8,72,28,48,12,64,2021-11-24,382117
Tokyo,22609,2021,11,25,97,27,176,378804,3164,8,72,27,43,34,64,2021-11-25,382144
Tokyo,22610,2021,11,26,97,19,162,378837,3164,7,72,25,39,26,65,2021-11-26,382163
Tokyo,22611,2021,11,27,97,16,161,378854,3164,7,66,30,37,28,59,2021-11-27,382179
Tokyo,22612,2021,11,28,97,9,157,378867,3164,7,66,31,37,23,59,2021-11-28,382188
Tokyo,22613,2021,11,29,98,8,152,378879,3165,6,67,30,40,15,61,2021-11-29,382196
Tokyo,22614,2021,11,30,98,-21,168,378841,3166,6,69,33,37,29,63,2021-11-30,382175
Tokyo,22615,2021,12,1,98,21,176,378853,3167,4,74,35,34,33,70,2021-12-01,382196
Tokyo,22616,2021,12,2,98,11,166,378874,3167,4,76,34,37,19,72,2021-12-02,382207
Tokyo,22617,2021,12,3,98,14,157,378896,3168,2,74,31,30,22,72,2021-12-03,382221
Tokyo,22618,2021,12,4,98,19,163,378909,3168,2,72,35,26,30,70,2021-12-04,382240
Tokyo,22619,2021,12,5,98,20,169,378923,3168,2,76,32,28,33,74,2021-12-05,382260
Tokyo,22620,2021,12,6,99,7,150,378949,3168,3,75,26,36,13,72,2021-12-06,382267
Tokyo,22621,2021,12,7,99,19,157,378961,3168,3,69,29,34,25,66,2021-12-07,382286
Tokyo,22622,2021,12,8,99,21,163,378975,3169,3,70,33,32,28,67,2021-12-08,382307
Tokyo,22623,2021,12,9,99,17,167,378987,3170,3,69,40,35,23,66,2021-12-09,382324
Tokyo,22624,2021,12,10,99,25,166,379013,3170,3,66,42,26,32,63,2021-12-10,382349
Tokyo,22625,2021,12,11,99,20,183,379016,3170,3,72,47,29,35,69,2021-12-11,382369
Tokyo,22626,2021,12,12,99,13,176,379036,3170,3,76,38,30,32,73,2021-12-12,382382
Tokyo,22627,2021,12,13,100,7,166,379052,3171,4,77,36,39,14,73,2021-12-13,382389
Tokyo,22628,2021,12,14,100,24,187,379054,3172,4,88,34,35,30,84,2021-12-14,382413
Tokyo,22629,2021,12,15,100,29,189,379081,3172,3,80,39,34,36,77,2021-12-15,382442
Tokyo,22630,2021,12,16,100,30,206,379094,3172,3,87,36,41,42,84,2021-12-16,382472
Tokyo,22631,2021,12,17,100,20,199,379121,3172,3,93,35,45,26,90,2021-12-17,382492
Tokyo,22632,2021,12,18,100,28,227,379121,3172,3,101,40,51,35,98,2021-12-18,382520
Tokyo,22633,2021,12,19,100,33,237,379144,3172,3,96,44,59,38,93,2021-12-19,382553
Tokyo,22634,2021,12,20,101,11,239,379153,3172,3,119,43,61,16,116,2021-12-20,382564
Tokyo,22635,2021,12,21,101,38,270,379160,3172,3,144,39,47,40,141,2021-12-21,382602
Tokyo,22636,2021,12,22,101,40,296,379173,3173,3,155,48,51,42,152,2021-12-22,382642
Tokyo,22637,2021,12,23,101,37,315,379191,3173,2,160,53,61,41,158,2021-12-23,382679
Tokyo,22638,2021,12,24,101,39,335,379210,3173,2,176,50,65,44,174,2021-12-24,382718
Tokyo,22639,2021,12,25,101,38,359,379223,3174,2,178,58,68,55,176,2021-12-25,382756
Tokyo,22640,2021,12,26,101,43,375,379250,3174,2,180,59,72,64,178,2021-12-26,382799
Tokyo,22641,2021,12,27,102,35,379,379281,3174,2,202,63,68,46,200,2021-12-27,382834
Tokyo,22642,2021,12,28,102,46,395,379310,3175,2,203,76,61,55,201,2021-12-28,382880
Tokyo,22643,2021,12,29,102,76,451,379330,3175,1,206,88,64,93,205,2021-12-29,382956
Tokyo,22644,2021,12,30,102,64,489,379356,3175,1,223,90,80,96,222,2021-12-30,383020
Tokyo,22645,2021,12,31,102,58,536,379367,3175,1,223,100,79,134,222,2021-12-31,383078
Tokyo,22646,2022,1,1,102,79,558,379424,3175,1,226,109,85,138,225,2022-01-01,383157
Tokyo,22647,2022,1,2,102,84,613,379453,3175,1,241,114,100,158,240,2022-01-02,383241
Tokyo,22648,2022,1,3,103,103,696,379473,3175,1,263,129,123,181,262,2022-01-03,383344
Tokyo,22649,2022,1,4,103,151,816,379504,3175,2,314,169,163,170,312,2022-01-04,383495
Tokyo,22650,2022,1,5,103,360,1206,379504,3175,3,373,235,184,414,370,2022-01-05,383855
Tokyo,22651,2022,1,6,103,671,1827,379524,3175,3,484,357,311,675,481,2022-01-06,384526
Tokyo,22652,2022,1,7,103,922,2648,379625,3175,3,554,533,560,1001,551,2022-01-07,385448
Tokyo,22653,2022,1,8,103,1224,3814,379683,3175,4,659,835,849,1471,655,2022-01-08,386672
Tokyo,22654,2022,1,9,103,1223,4961,379759,3175,4,724,1174,1148,1915,720,2022-01-09,387895
Tokyo,22655,2022,1,10,104,871,5646,379945,3175,4,768,1524,1661,1693,764,2022-01-10,388766
Tokyo,22656,2022,1,11,104,962,6379,380174,3175,4,862,1818,2416,1283,858,2022-01-11,389728
Tokyo,22657,2022,1,12,104,2198,8376,380375,3175,4,954,2110,2779,2533,950,2022-01-12,391926
Tokyo,22658,2022,1,13,104,3124,10867,381007,3176,4,1056,2321,3874,3616,1052,2022-01-13,395050
Tokyo,22659,2022,1,14,104,4051,14233,381691,3177,3,1156,2467,5453,5157,1153,2022-01-14,399101
Tokyo,22660,2022,1,15,104,4561,17969,382515,3178,4,1249,2572,6550,7598,1245,2022-01-15,403662
Tokyo,22661,2022,1,16,104,4172,21107,383549,3178,5,1343,2439,8242,9083,1338,2022-01-16,407834
