prefecture,date,positive,death,mobility,gdp,population
Aichi,21936,0,0,,551008.81,7537000
Aichi,21943,2,0,,551486.25,7537000
Aichi,21950,0,0,,554350.81,7537000
Aichi,21957,2,0,2,554350.81,7537000
Aichi,21964,11,0,-.75,554350.81,7537000
Aichi,21971,14,0,-2.75,554350.81,7537000
Aichi,21978,40,0,-6.75,531787,7537000
Aichi,21985,52,11,-5.5,531787,7537000
Aichi,21992,20,5,-2.25,531787,7537000
Aichi,21999,23,3,-1.75,531787,7537000
Aichi,22006,57,0,-10.5,510162.03,7537000
Aichi,22013,104,4,-8.75,493943.31,7537000
Aichi,22020,74,2,-23.5,493943.31,7537000
Aichi,22027,77,6,-26.25,493943.31,7537000
Aichi,22034,14,3,-24.25,491961.38,7537000
Aichi,22041,11,0,-28.25,487006.5,7537000
Aichi,22048,8,0,-21.5,487006.5,7537000
Aichi,22055,1,0,-18,487006.5,7537000
Aichi,22062,1,0,-14,487006.5,7537000
Aichi,22069,2,0,-11.5,516091.78,7537000
Aichi,22076,6,0,-15.75,520939.31,7537000
Aichi,22083,7,0,-10.25,520939.31,7537000
Aichi,22090,0,0,-8.25,520939.31,7537000
Aichi,22097,2,0,-13.5,521791.72,7537000
Aichi,22104,6,0,-16,522431,7537000
Aichi,22111,88,0,-15,522431,7537000
Aichi,22118,398,1,-12.5,522431,7537000
Aichi,22125,996,0,-12.5,522849.81,7537000
Aichi,22132,1048,2,-13,525362.63,7537000
Aichi,22139,654,6,-17,525362.63,7537000
Aichi,22146,482,11,-15.75,525362.63,7537000
Aichi,22153,321,10,-14.25,525362.63,7537000
Aichi,22160,215,9,-14.5,531266,7537000
Aichi,22167,194,2,-14.75,533627.38,7537000
Aichi,22174,206,4,-7.5,533627.38,7537000
Aichi,22181,171,4,-9,533627.38,7537000
Aichi,22188,178,3,-7.25,539332.81,7537000
Aichi,22195,106,4,-11.5,546940.13,7537000
Aichi,22202,139,1,-6.5,546940.13,7537000
Aichi,22209,189,1,-6,546940.13,7537000
Aichi,22216,374,4,-6.75,546940.13,7537000
Aichi,22223,504,1,-7.75,549846.19,7537000
Aichi,22230,814,3,-7.5,549846.19,7537000
Aichi,22237,1076,5,-7.5,549846.19,7537000
Aichi,22244,1175,10,-9,549846.19,7537000
Aichi,22251,1308,14,-9.75,549846.19,7537000
Aichi,22258,1369,14,-10,,7537000
Aichi,22265,1446,15,-13.25,,7537000
Aichi,22272,1481,36,-12.75,,7537000
Aichi,22279,1457,27,-33.25,,7537000
Aichi,22286,2172,45,-18.25,,7537000
Akita,21936,0,0,,551008.81,981000
Akita,21943,0,0,,551486.25,981000
Akita,21950,0,0,,554350.81,981000
Akita,21957,0,0,14,554350.81,981000
Akita,21964,0,0,.5,554350.81,981000
Akita,21971,0,0,1.5,554350.81,981000
Akita,21978,2,0,-8,531787,981000
Akita,21985,0,0,-3,531787,981000
Akita,21992,0,0,-3,531787,981000
Akita,21999,2,0,2.25,531787,981000
Akita,22006,7,0,-2.5,510162.03,981000
Akita,22013,4,0,-8.25,493943.31,981000
Akita,22020,1,0,-6,493943.31,981000
Akita,22027,0,0,-11.75,493943.31,981000
Akita,22034,0,0,-12,491961.38,981000
Akita,22041,0,0,-3,487006.5,981000
Akita,22048,0,0,.75,487006.5,981000
Akita,22055,0,0,-5,487006.5,981000
Akita,22062,0,0,6.75,487006.5,981000
Akita,22069,0,0,6.5,516091.78,981000
Akita,22076,0,0,12.25,520939.31,981000
Akita,22083,0,0,9.5,520939.31,981000
Akita,22090,0,0,11,520939.31,981000
Akita,22097,0,0,6.5,521791.72,981000
Akita,22104,0,0,8.75,522431,981000
Akita,22111,0,0,9.5,522431,981000
Akita,22118,1,0,13.75,522431,981000
Akita,22125,1,0,9,522849.81,981000
Akita,22132,16,0,12.5,525362.63,981000
Akita,22139,6,0,20.5,525362.63,981000
Akita,22146,5,0,18.25,525362.63,981000
Akita,22153,4,0,-4,525362.63,981000
Akita,22160,1,0,-5.3333335,531266,981000
Akita,22167,0,0,17.875,533627.38,981000
Akita,22174,2,0,13.75,533627.38,981000
Akita,22181,1,0,19.5,533627.38,981000
Akita,22188,0,0,18.75,539332.81,981000
Akita,22195,5,0,15.75,546940.13,981000
Akita,22202,1,0,19.5,546940.13,981000
Akita,22209,2,0,22.5,546940.13,981000
Akita,22216,2,0,21.75,546940.13,981000
Akita,22223,4,0,12.5,549846.19,981000
Akita,22230,4,0,9.25,549846.19,981000
Akita,22237,3,0,10.75,549846.19,981000
Akita,22244,16,1,7,549846.19,981000
Akita,22251,0,0,0,549846.19,981000
Akita,22258,2,0,1.75,,981000
Akita,22265,3,0,-5.5,,981000
Akita,22272,28,0,-3.25,,981000
Akita,22279,20,0,-22.75,,981000
Akita,22286,24,0,-16.75,,981000
Aomori,21936,0,0,,551008.81,1263000
Aomori,21943,0,0,,551486.25,1263000
Aomori,21950,0,0,,554350.81,1263000
Aomori,21957,0,0,3,554350.81,1263000
Aomori,21964,0,0,0,554350.81,1263000
Aomori,21971,0,0,-2.25,554350.81,1263000
Aomori,21978,0,0,-7.75,531787,1263000
Aomori,21985,0,0,-3,531787,1263000
Aomori,21992,0,0,-2,531787,1263000
Aomori,21999,7,0,-1.5,531787,1263000
Aomori,22006,4,0,-5.25,510162.03,1263000
Aomori,22013,11,0,-12.25,493943.31,1263000
Aomori,22020,0,0,-11.5,493943.31,1263000
Aomori,22027,0,0,-17.25,493943.31,1263000
Aomori,22034,4,0,-16.25,491961.38,1263000
Aomori,22041,1,0,-13.75,487006.5,1263000
Aomori,22048,0,1,-9.25,487006.5,1263000
Aomori,22055,0,0,-10.5,487006.5,1263000
Aomori,22062,0,0,-1,487006.5,1263000
Aomori,22069,0,0,0,516091.78,1263000
Aomori,22076,0,0,1.75,520939.31,1263000
Aomori,22083,0,0,2,520939.31,1263000
Aomori,22090,0,0,1.25,520939.31,1263000
Aomori,22097,0,0,-.5,521791.72,1263000
Aomori,22104,3,0,3,522431,1263000
Aomori,22111,1,0,3,522431,1263000
Aomori,22118,0,0,10.25,522431,1263000
Aomori,22125,1,0,2,522849.81,1263000
Aomori,22132,0,0,9,525362.63,1263000
Aomori,22139,1,0,17,525362.63,1263000
Aomori,22146,0,0,15,525362.63,1263000
Aomori,22153,2,0,-7,525362.63,1263000
Aomori,22160,0,0,-9,531266,1263000
Aomori,22167,0,0,.875,533627.38,1263000
Aomori,22174,0,0,8,533627.38,1263000
Aomori,22181,0,0,10,533627.38,1263000
Aomori,22188,2,0,11.25,539332.81,1263000
Aomori,22195,0,0,9.5,546940.13,1263000
Aomori,22202,63,0,11.5,546940.13,1263000
Aomori,22209,75,0,10.25,546940.13,1263000
Aomori,22216,52,3,8,546940.13,1263000
Aomori,22223,44,0,3.25,549846.19,1263000
Aomori,22230,7,2,-.25,549846.19,1263000
Aomori,22237,2,0,1,549846.19,1263000
Aomori,22244,7,0,-1.5,549846.19,1263000
Aomori,22251,37,0,-5,549846.19,1263000
Aomori,22258,47,0,-5.75,,1263000
Aomori,22265,19,0,-10,,1263000
Aomori,22272,32,1,-8,,1263000
Aomori,22279,74,1,-27.25,,1263000
Aomori,22286,63,0,-15.25,,1263000
Chiba,21936,0,0,,551008.81,6255000
Chiba,21943,1,0,,551486.25,6255000
Chiba,21950,2,0,,554350.81,6255000
Chiba,21957,1,0,2.5,554350.81,6255000
Chiba,21964,5,0,-1,554350.81,6255000
Chiba,21971,4,0,-1.75,554350.81,6255000
Chiba,21978,8,0,-9.5,531787,6255000
Chiba,21985,10,0,-6,531787,6255000
Chiba,21992,11,0,2.25,531787,6255000
Chiba,21999,83,1,-2.25,531787,6255000
Chiba,22006,111,0,-10.75,510162.03,6255000
Chiba,22013,190,3,-19,493943.31,6255000
Chiba,22020,241,6,-24.5,493943.31,6255000
Chiba,22027,131,12,-25,493943.31,6255000
Chiba,22034,48,12,-26.75,491961.38,6255000
Chiba,22041,24,5,-28.75,487006.5,6255000
Chiba,22048,18,3,-22.75,487006.5,6255000
Chiba,22055,6,2,-31.25,487006.5,6255000
Chiba,22062,3,1,-17,487006.5,6255000
Chiba,22069,4,0,-13.5,516091.78,6255000
Chiba,22076,15,0,-13.75,520939.31,6255000
Chiba,22083,5,0,-11.75,520939.31,6255000
Chiba,22090,22,0,-10.5,520939.31,6255000
Chiba,22097,55,0,-17.25,521791.72,6255000
Chiba,22104,83,1,-15,522431,6255000
Chiba,22111,186,0,-15.5,522431,6255000
Chiba,22118,177,0,-12.5,522431,6255000
Chiba,22125,275,3,-12.5,522849.81,6255000
Chiba,22132,385,3,-11,525362.63,6255000
Chiba,22139,296,4,-11.5,525362.63,6255000
Chiba,22146,324,3,-14.5,525362.63,6255000
Chiba,22153,256,2,-13.75,525362.63,6255000
Chiba,22160,194,2,-13.5,531266,6255000
Chiba,22167,196,4,-12.25,533627.38,6255000
Chiba,22174,218,1,-9,533627.38,6255000
Chiba,22181,182,2,-18.75,533627.38,6255000
Chiba,22188,225,2,-9,539332.81,6255000
Chiba,22195,257,0,-13.5,546940.13,6255000
Chiba,22202,238,4,-11.5,546940.13,6255000
Chiba,22209,270,0,-8,546940.13,6255000
Chiba,22216,259,4,-7.25,546940.13,6255000
Chiba,22223,276,2,-10.25,549846.19,6255000
Chiba,22230,411,2,-9.5,549846.19,6255000
Chiba,22237,587,2,-9.25,549846.19,6255000
Chiba,22244,556,0,-10.75,549846.19,6255000
Chiba,22251,524,5,-11.5,549846.19,6255000
Chiba,22258,689,6,-12.25,,6255000
Chiba,22265,859,9,-12.5,,6255000
Chiba,22272,1176,8,-12,,6255000
Chiba,22279,1345,7,-26.5,,6255000
Chiba,22286,2373,15,-20.25,,6255000
Ehime,21936,0,0,,551008.81,1352000
Ehime,21943,0,0,,551486.25,1352000
Ehime,21950,0,0,,554350.81,1352000
Ehime,21957,0,0,-1.5,554350.81,1352000
Ehime,21964,0,0,.5,554350.81,1352000
Ehime,21971,0,0,2.25,554350.81,1352000
Ehime,21978,2,0,-6.75,531787,1352000
Ehime,21985,0,0,-3.5,531787,1352000
Ehime,21992,1,0,2.25,531787,1352000
Ehime,21999,1,0,5,531787,1352000
Ehime,22006,16,1,1.25,510162.03,1352000
Ehime,22013,10,1,-3.5,493943.31,1352000
Ehime,22020,14,1,-18.75,493943.31,1352000
Ehime,22027,3,0,-20.75,493943.31,1352000
Ehime,22034,0,0,-18.25,491961.38,1352000
Ehime,22041,1,0,-22.5,487006.5,1352000
Ehime,22048,22,0,-14,487006.5,1352000
Ehime,22055,9,1,-13.25,487006.5,1352000
Ehime,22062,3,0,-10.5,487006.5,1352000
Ehime,22069,0,0,-9.75,516091.78,1352000
Ehime,22076,0,0,-10.75,520939.31,1352000
Ehime,22083,0,0,-6.25,520939.31,1352000
Ehime,22090,0,0,-5,520939.31,1352000
Ehime,22097,0,1,-6.5,521791.72,1352000
Ehime,22104,0,0,-16,522431,1352000
Ehime,22111,0,0,-7.5,522431,1352000
Ehime,22118,2,0,-.5,522431,1352000
Ehime,22125,8,0,-5,522849.81,1352000
Ehime,22132,9,0,-2,525362.63,1352000
Ehime,22139,9,1,1,525362.63,1352000
Ehime,22146,3,0,-7.75,525362.63,1352000
Ehime,22153,1,0,-9.125,525362.63,1352000
Ehime,22160,0,0,-11.875,531266,1352000
Ehime,22167,0,0,-14.5,533627.38,1352000
Ehime,22174,0,0,-5.5,533627.38,1352000
Ehime,22181,0,0,-6.5,533627.38,1352000
Ehime,22188,0,0,-4.25,539332.81,1352000
Ehime,22195,1,0,-5.75,546940.13,1352000
Ehime,22202,1,0,-1,546940.13,1352000
Ehime,22209,0,0,-2.5,546940.13,1352000
Ehime,22216,0,0,0,546940.13,1352000
Ehime,22223,1,0,-5,549846.19,1352000
Ehime,22230,6,0,-2.75,549846.19,1352000
Ehime,22237,62,0,-3.5,549846.19,1352000
Ehime,22244,119,0,-7,549846.19,1352000
Ehime,22251,37,0,-9.5,549846.19,1352000
Ehime,22258,17,2,-9.25,,1352000
Ehime,22265,16,2,-11.75,,1352000
Ehime,22272,33,1,-11.25,,1352000
Ehime,22279,70,2,-29.25,,1352000
Ehime,22286,153,0,-16.75,,1352000
Fukui,21936,0,0,,551008.81,774000
Fukui,21943,0,0,,551486.25,774000
Fukui,21950,0,0,,554350.81,774000
Fukui,21957,0,0,10.25,554350.81,774000
Fukui,21964,0,0,.75,554350.81,774000
Fukui,21971,0,0,2,554350.81,774000
Fukui,21978,0,0,-3.5,531787,774000
Fukui,21985,0,0,-3.25,531787,774000
Fukui,21992,1,0,2.75,531787,774000
Fukui,21999,11,0,1.25,531787,774000
Fukui,22006,34,1,-3,510162.03,774000
Fukui,22013,40,1,-11.75,493943.31,774000
Fukui,22020,20,3,-17.75,493943.31,774000
Fukui,22027,14,1,-28.5,493943.31,774000
Fukui,22034,2,2,-20,491961.38,774000
Fukui,22041,0,0,-21.25,487006.5,774000
Fukui,22048,0,0,-13.5,487006.5,774000
Fukui,22055,0,0,-12,487006.5,774000
Fukui,22062,0,0,-4.75,487006.5,774000
Fukui,22069,0,0,-4.75,516091.78,774000
Fukui,22076,0,0,-2,520939.31,774000
Fukui,22083,0,0,-2.25,520939.31,774000
Fukui,22090,0,0,4.25,520939.31,774000
Fukui,22097,0,0,-5,521791.72,774000
Fukui,22104,0,0,-8.25,522431,774000
Fukui,22111,4,0,-6.5,522431,774000
Fukui,22118,1,0,5,522431,774000
Fukui,22125,12,0,-.25,522849.81,774000
Fukui,22132,14,0,7,525362.63,774000
Fukui,22139,1,0,16.5,525362.63,774000
Fukui,22146,7,0,2.25,525362.63,774000
Fukui,22153,50,0,-7,525362.63,774000
Fukui,22160,32,0,-8,531266,774000
Fukui,22167,1,0,3.625,533627.38,774000
Fukui,22174,0,1,7,533627.38,774000
Fukui,22181,0,1,10,533627.38,774000
Fukui,22188,0,1,8.5,539332.81,774000
Fukui,22195,5,0,3.25,546940.13,774000
Fukui,22202,5,0,8.75,546940.13,774000
Fukui,22209,2,0,10,546940.13,774000
Fukui,22216,1,0,14.5,546940.13,774000
Fukui,22223,1,0,5.5,549846.19,774000
Fukui,22230,14,0,11.75,549846.19,774000
Fukui,22237,28,0,12.25,549846.19,774000
Fukui,22244,14,0,8.75,549846.19,774000
Fukui,22251,7,0,1.25,549846.19,774000
Fukui,22258,10,0,-.75,,774000
Fukui,22265,6,0,-7.5,,774000
Fukui,22272,8,0,-5.25,,774000
Fukui,22279,14,1,-31,,774000
Fukui,22286,38,0,-22.25,,774000
Fukuoka,21936,0,0,,551008.81,5107000
Fukuoka,21943,0,0,,551486.25,5107000
Fukuoka,21950,0,0,,554350.81,5107000
Fukuoka,21957,0,0,1.75,554350.81,5107000
Fukuoka,21964,2,0,-1.75,554350.81,5107000
Fukuoka,21971,0,0,-3,554350.81,5107000
Fukuoka,21978,1,0,-6.5,531787,5107000
Fukuoka,21985,0,0,-6,531787,5107000
Fukuoka,21992,2,0,-1,531787,5107000
Fukuoka,21999,17,0,-5.5,531787,5107000
Fukuoka,22006,124,1,-4.5,510162.03,5107000
Fukuoka,22013,186,0,-14,493943.31,5107000
Fukuoka,22020,171,9,-25.5,493943.31,5107000
Fukuoka,22027,98,5,-27.5,493943.31,5107000
Fukuoka,22034,46,7,-25.25,491961.38,5107000
Fukuoka,22041,6,2,-30.25,487006.5,5107000
Fukuoka,22048,4,1,-21.75,487006.5,5107000
Fukuoka,22055,5,1,-18,487006.5,5107000
Fukuoka,22062,84,1,-16,487006.5,5107000
Fukuoka,22069,53,3,-15.25,516091.78,5107000
Fukuoka,22076,23,2,-14.25,520939.31,5107000
Fukuoka,22083,16,1,-12,520939.31,5107000
Fukuoka,22090,7,0,-10.25,520939.31,5107000
Fukuoka,22097,23,0,-11.5,521791.72,5107000
Fukuoka,22104,49,0,-20.5,522431,5107000
Fukuoka,22111,79,0,-10.75,522431,5107000
Fukuoka,22118,345,0,-14.25,522431,5107000
Fukuoka,22125,705,1,-14.25,522849.81,5107000
Fukuoka,22132,856,3,-11.5,525362.63,5107000
Fukuoka,22139,654,2,-17.5,525362.63,5107000
Fukuoka,22146,496,9,-14.75,525362.63,5107000
Fukuoka,22153,433,11,-14,525362.63,5107000
Fukuoka,22160,294,9,-14.75,531266,5107000
Fukuoka,22167,152,11,-13.5,533627.38,5107000
Fukuoka,22174,64,11,-8.5,533627.38,5107000
Fukuoka,22181,27,5,-8,533627.38,5107000
Fukuoka,22188,31,4,-8.25,539332.81,5107000
Fukuoka,22195,47,0,-8.5,546940.13,5107000
Fukuoka,22202,39,0,-7.25,546940.13,5107000
Fukuoka,22209,40,2,-6.25,546940.13,5107000
Fukuoka,22216,47,1,-5.5,546940.13,5107000
Fukuoka,22223,50,2,-9,549846.19,5107000
Fukuoka,22230,91,0,-7.25,549846.19,5107000
Fukuoka,22237,146,2,-6.25,549846.19,5107000
Fukuoka,22244,243,1,-9,549846.19,5107000
Fukuoka,22251,262,2,-11,549846.19,5107000
Fukuoka,22258,532,1,-10.25,,5107000
Fukuoka,22265,718,2,-12.75,,5107000
Fukuoka,22272,886,5,-11.75,,5107000
Fukuoka,22279,1091,2,-36.75,,5107000
Fukuoka,22286,1818,9,-19.25,,5107000
Fukushima,21936,0,0,,551008.81,1864000
Fukushima,21943,0,0,,551486.25,1864000
Fukushima,21950,0,0,,554350.81,1864000
Fukushima,21957,0,0,6.75,554350.81,1864000
Fukushima,21964,0,0,1.5,554350.81,1864000
Fukushima,21971,0,0,-.25,554350.81,1864000
Fukushima,21978,1,0,-7.25,531787,1864000
Fukushima,21985,1,0,-2.75,531787,1864000
Fukushima,21992,0,0,0,531787,1864000
Fukushima,21999,0,0,.25,531787,1864000
Fukushima,22006,12,0,-6.25,510162.03,1864000
Fukushima,22013,23,0,-3.25,493943.31,1864000
Fukushima,22020,23,0,-9.25,493943.31,1864000
Fukushima,22027,8,0,-18,493943.31,1864000
Fukushima,22034,7,0,-21.75,491961.38,1864000
Fukushima,22041,6,0,-20.75,487006.5,1864000
Fukushima,22048,0,0,-14.5,487006.5,1864000
Fukushima,22055,0,0,-17,487006.5,1864000
Fukushima,22062,0,0,-6.25,487006.5,1864000
Fukushima,22069,0,0,-6,516091.78,1864000
Fukushima,22076,0,0,-5.75,520939.31,1864000
Fukushima,22083,1,0,-4.25,520939.31,1864000
Fukushima,22090,0,0,-4.5,520939.31,1864000
Fukushima,22097,0,0,-2.75,521791.72,1864000
Fukushima,22104,1,0,-6.5,522431,1864000
Fukushima,22111,1,0,-4.75,522431,1864000
Fukushima,22118,2,0,2.25,522431,1864000
Fukushima,22125,3,0,-5.75,522849.81,1864000
Fukushima,22132,7,0,2.25,525362.63,1864000
Fukushima,22139,9,0,12.75,525362.63,1864000
Fukushima,22146,19,0,.375,525362.63,1864000
Fukushima,22153,33,0,-1.75,525362.63,1864000
Fukushima,22160,18,0,-4.75,531266,1864000
Fukushima,22167,29,0,-2,533627.38,1864000
Fukushima,22174,14,2,2.75,533627.38,1864000
Fukushima,22181,24,0,1.25,533627.38,1864000
Fukushima,22188,21,2,2.25,539332.81,1864000
Fukushima,22195,39,0,-.25,546940.13,1864000
Fukushima,22202,57,2,2.25,546940.13,1864000
Fukushima,22209,26,0,7.25,546940.13,1864000
Fukushima,22216,3,0,8.5,546940.13,1864000
Fukushima,22223,25,0,2.5,549846.19,1864000
Fukushima,22230,18,0,3,549846.19,1864000
Fukushima,22237,43,0,1.75,549846.19,1864000
Fukushima,22244,22,0,-2,549846.19,1864000
Fukushima,22251,32,2,-5.75,549846.19,1864000
Fukushima,22258,71,0,-5.75,,1864000
Fukushima,22265,98,2,-9.25,,1864000
Fukushima,22272,168,7,-8.25,,1864000
Fukushima,22279,104,4,-29,,1864000
Fukushima,22286,210,7,-19,,1864000
Gifu,21936,0,0,,551008.81,1997000
Gifu,21943,0,0,,551486.25,1997000
Gifu,21950,0,0,,554350.81,1997000
Gifu,21957,0,0,.5,554350.81,1997000
Gifu,21964,0,0,-1,554350.81,1997000
Gifu,21971,2,0,-3,554350.81,1997000
Gifu,21978,0,0,-9.75,531787,1997000
Gifu,21985,0,0,-6.75,531787,1997000
Gifu,21992,1,0,-1.5,531787,1997000
Gifu,21999,16,0,-2.75,531787,1997000
Gifu,22006,28,1,-10.75,510162.03,1997000
Gifu,22013,59,0,-13.5,493943.31,1997000
Gifu,22020,31,1,-25,493943.31,1997000
Gifu,22027,12,4,-29.25,493943.31,1997000
Gifu,22034,1,0,-29.25,491961.38,1997000
Gifu,22041,0,0,-32.75,487006.5,1997000
Gifu,22048,0,1,-24.5,487006.5,1997000
Gifu,22055,0,0,-21.5,487006.5,1997000
Gifu,22062,0,0,-17,487006.5,1997000
Gifu,22069,1,0,-12.75,516091.78,1997000
Gifu,22076,2,0,-16.25,520939.31,1997000
Gifu,22083,3,0,-11.25,520939.31,1997000
Gifu,22090,0,0,-6.5,520939.31,1997000
Gifu,22097,4,0,-13,521791.72,1997000
Gifu,22104,2,0,-19.5,522431,1997000
Gifu,22111,11,0,-14.75,522431,1997000
Gifu,22118,47,0,-9.75,522431,1997000
Gifu,22125,124,0,-11.25,522849.81,1997000
Gifu,22132,106,0,-10.75,525362.63,1997000
Gifu,22139,61,0,1.25,525362.63,1997000
Gifu,22146,27,2,-11.25,525362.63,1997000
Gifu,22153,17,1,-10.25,525362.63,1997000
Gifu,22160,9,0,-12.25,531266,1997000
Gifu,22167,16,0,-10.75,533627.38,1997000
Gifu,22174,17,0,-3.75,533627.38,1997000
Gifu,22181,19,0,-5,533627.38,1997000
Gifu,22188,13,0,-2.5,539332.81,1997000
Gifu,22195,4,0,-5.75,546940.13,1997000
Gifu,22202,9,0,.5,546940.13,1997000
Gifu,22209,29,1,1.75,546940.13,1997000
Gifu,22216,15,0,3,546940.13,1997000
Gifu,22223,43,1,-1.25,549846.19,1997000
Gifu,22230,71,0,.75,549846.19,1997000
Gifu,22237,111,1,1.75,549846.19,1997000
Gifu,22244,123,1,-2.5,549846.19,1997000
Gifu,22251,193,0,-7.5,549846.19,1997000
Gifu,22258,234,6,-9,,1997000
Gifu,22265,257,3,-14.25,,1997000
Gifu,22272,260,6,-12.5,,1997000
Gifu,22279,406,8,-29.75,,1997000
Gifu,22286,589,8,-14.75,,1997000
Gunma,21936,0,0,,551008.81,1952000
Gunma,21943,0,0,,551486.25,1952000
Gunma,21950,0,0,,554350.81,1952000
Gunma,21957,0,0,3,554350.81,1952000
Gunma,21964,0,0,2,554350.81,1952000
Gunma,21971,0,0,-1,554350.81,1952000
Gunma,21978,1,0,-5,531787,1952000
Gunma,21985,4,0,-2.75,531787,1952000
Gunma,21992,6,0,1.5,531787,1952000
Gunma,21999,7,1,.75,531787,1952000
Gunma,22006,8,0,-8.75,510162.03,1952000
Gunma,22013,53,1,-12,493943.31,1952000
Gunma,22020,41,3,-19.75,493943.31,1952000
Gunma,22027,20,7,-22.75,493943.31,1952000
Gunma,22034,6,4,-22,491961.38,1952000
Gunma,22041,1,2,-25,487006.5,1952000
Gunma,22048,0,0,-19.75,487006.5,1952000
Gunma,22055,2,1,-20.5,487006.5,1952000
Gunma,22062,0,0,-13.25,487006.5,1952000
Gunma,22069,2,0,-10.25,516091.78,1952000
Gunma,22076,0,0,-10.25,520939.31,1952000
Gunma,22083,0,0,-6.75,520939.31,1952000
Gunma,22090,1,0,-5.25,520939.31,1952000
Gunma,22097,3,0,-9.25,521791.72,1952000
Gunma,22104,0,0,-12.25,522431,1952000
Gunma,22111,12,0,-10.5,522431,1952000
Gunma,22118,12,0,-5.75,522431,1952000
Gunma,22125,12,0,-9.25,522849.81,1952000
Gunma,22132,30,0,-3.25,525362.63,1952000
Gunma,22139,58,0,6.75,525362.63,1952000
Gunma,22146,95,0,-5.5,525362.63,1952000
Gunma,22153,60,0,-8,525362.63,1952000
Gunma,22160,40,0,-10.25,531266,1952000
Gunma,22167,67,0,-7.75,533627.38,1952000
Gunma,22174,103,0,-2.75,533627.38,1952000
Gunma,22181,54,0,-7,533627.38,1952000
Gunma,22188,27,0,-1.25,539332.81,1952000
Gunma,22195,30,0,-4.5,546940.13,1952000
Gunma,22202,14,0,-.75,546940.13,1952000
Gunma,22209,89,0,3.25,546940.13,1952000
Gunma,22216,42,0,6.25,546940.13,1952000
Gunma,22223,24,1,2.25,549846.19,1952000
Gunma,22230,27,0,1.5,549846.19,1952000
Gunma,22237,82,1,.5,549846.19,1952000
Gunma,22244,144,0,-2.75,549846.19,1952000
Gunma,22251,194,1,-7.5,549846.19,1952000
Gunma,22258,241,4,-7.5,,1952000
Gunma,22265,285,4,-10.25,,1952000
Gunma,22272,237,5,-9.75,,1952000
Gunma,22279,247,10,-23.5,,1952000
Gunma,22286,417,4,-13,,1952000
Hiroshima,21936,0,0,,551008.81,2817000
Hiroshima,21943,0,0,,551486.25,2817000
Hiroshima,21950,0,0,,554350.81,2817000
Hiroshima,21957,0,0,-1.25,554350.81,2817000
Hiroshima,21964,0,0,.75,554350.81,2817000
Hiroshima,21971,0,0,.25,554350.81,2817000
Hiroshima,21978,1,0,-8,531787,2817000
Hiroshima,21985,0,0,-4.5,531787,2817000
Hiroshima,21992,1,0,0,531787,2817000
Hiroshima,21999,2,0,-1.5,531787,2817000
Hiroshima,22006,11,0,-5.25,510162.03,2817000
Hiroshima,22013,41,0,-6.25,493943.31,2817000
Hiroshima,22020,74,0,-21.25,493943.31,2817000
Hiroshima,22027,16,2,-25.25,493943.31,2817000
Hiroshima,22034,14,0,-25.5,491961.38,2817000
Hiroshima,22041,5,0,-29.25,487006.5,2817000
Hiroshima,22048,0,0,-20.25,487006.5,2817000
Hiroshima,22055,2,0,-16,487006.5,2817000
Hiroshima,22062,0,1,-14.75,487006.5,2817000
Hiroshima,22069,1,0,-11,516091.78,2817000
Hiroshima,22076,0,0,-14.25,520939.31,2817000
Hiroshima,22083,0,0,-9.75,520939.31,2817000
Hiroshima,22090,0,0,-8.25,520939.31,2817000
Hiroshima,22097,1,0,-11.25,521791.72,2817000
Hiroshima,22104,9,0,-16.5,522431,2817000
Hiroshima,22111,29,0,-9.25,522431,2817000
Hiroshima,22118,50,0,-10.75,522431,2817000
Hiroshima,22125,90,0,-10.75,522849.81,2817000
Hiroshima,22132,56,0,-7.75,525362.63,2817000
Hiroshima,22139,32,0,-8.75,525362.63,2817000
Hiroshima,22146,15,0,-11.5,525362.63,2817000
Hiroshima,22153,7,0,-11,525362.63,2817000
Hiroshima,22160,2,0,-11.75,531266,2817000
Hiroshima,22167,7,0,-13.5,533627.38,2817000
Hiroshima,22174,9,0,-5.25,533627.38,2817000
Hiroshima,22181,41,0,-6.5,533627.38,2817000
Hiroshima,22188,86,0,-6.5,539332.81,2817000
Hiroshima,22195,23,0,-8.75,546940.13,2817000
Hiroshima,22202,24,1,-4.75,546940.13,2817000
Hiroshima,22209,6,1,-4,546940.13,2817000
Hiroshima,22216,7,0,-3.25,546940.13,2817000
Hiroshima,22223,11,0,-4.25,549846.19,2817000
Hiroshima,22230,20,0,-2.5,549846.19,2817000
Hiroshima,22237,48,1,-2.75,549846.19,2817000
Hiroshima,22244,80,0,-5,549846.19,2817000
Hiroshima,22251,205,0,-9.25,549846.19,2817000
Hiroshima,22258,515,2,-10.25,,2817000
Hiroshima,22265,666,5,-14.75,,2817000
Hiroshima,22272,718,8,-14.75,,2817000
Hiroshima,22279,543,20,-36.75,,2817000
Hiroshima,22286,548,15,-21.5,,2817000
Hokkaido,21936,0,0,,551008.81,5286000
Hokkaido,21943,1,0,,551486.25,5286000
Hokkaido,21950,0,0,,554350.81,5286000
Hokkaido,21957,1,0,0,554350.81,5286000
Hokkaido,21964,15,0,-3.75,554350.81,5286000
Hokkaido,21971,53,2,-9.5,554350.81,5286000
Hokkaido,21978,28,1,-21.25,531787,5286000
Hokkaido,21985,46,1,-19.5,531787,5286000
Hokkaido,21992,15,2,-16,531787,5286000
Hokkaido,21999,13,1,-13,531787,5286000
Hokkaido,22006,21,1,-9.25,510162.03,5286000
Hokkaido,22013,62,2,-15.25,493943.31,5286000
Hokkaido,22020,152,8,-14,493943.31,5286000
Hokkaido,22027,194,7,-25.5,493943.31,5286000
Hokkaido,22034,222,15,-25,491961.38,5286000
Hokkaido,22041,122,11,-22.25,487006.5,5286000
Hokkaido,22048,61,23,-22.25,487006.5,5286000
Hokkaido,22055,33,5,-19,487006.5,5286000
Hokkaido,22062,46,7,-14,487006.5,5286000
Hokkaido,22069,32,4,-8,516091.78,5286000
Hokkaido,22076,46,1,-5.5,520939.31,5286000
Hokkaido,22083,32,3,-7.5,520939.31,5286000
Hokkaido,22090,27,5,-6.75,520939.31,5286000
Hokkaido,22097,54,2,-5,521791.72,5286000
Hokkaido,22104,14,0,.25,522431,5286000
Hokkaido,22111,49,1,1,522431,5286000
Hokkaido,22118,47,1,8.75,522431,5286000
Hokkaido,22125,60,0,.75,522849.81,5286000
Hokkaido,22132,95,0,-1,525362.63,5286000
Hokkaido,22139,78,0,8,525362.63,5286000
Hokkaido,22146,79,0,1.5,525362.63,5286000
Hokkaido,22153,71,0,1,525362.63,5286000
Hokkaido,22160,55,2,-2.25,531266,5286000
Hokkaido,22167,49,1,1,533627.38,5286000
Hokkaido,22174,71,0,1,533627.38,5286000
Hokkaido,22181,95,1,1.75,533627.38,5286000
Hokkaido,22188,120,0,1.25,539332.81,5286000
Hokkaido,22195,188,0,.5,546940.13,5286000
Hokkaido,22202,171,1,.75,546940.13,5286000
Hokkaido,22209,245,0,2,546940.13,5286000
Hokkaido,22216,373,2,1,546940.13,5286000
Hokkaido,22223,732,3,-4.25,549846.19,5286000
Hokkaido,22230,1417,11,-10.5,549846.19,5286000
Hokkaido,22237,1633,22,-12.25,549846.19,5286000
Hokkaido,22244,1608,38,-15.5,549846.19,5286000
Hokkaido,22251,1326,57,-16,549846.19,5286000
Hokkaido,22258,1319,67,-15.25,,5286000
Hokkaido,22265,891,73,-16.25,,5286000
Hokkaido,22272,814,46,-14.75,,5286000
Hokkaido,22279,741,33,-36.75,,5286000
Hokkaido,22286,912,40,-24,,5286000
Hyogo,21936,0,0,,551008.81,5484000
Hyogo,21943,0,0,,551486.25,5484000
Hyogo,21950,0,0,,554350.81,5484000
Hyogo,21957,0,0,-.25,554350.81,5484000
Hyogo,21964,0,0,-.5,554350.81,5484000
Hyogo,21971,0,0,-1,554350.81,5484000
Hyogo,21978,10,0,-6.25,531787,5484000
Hyogo,21985,57,1,-4,531787,5484000
Hyogo,21992,40,3,-.25,531787,5484000
Hyogo,21999,19,6,-1.25,531787,5484000
Hyogo,22006,64,1,-5.25,510162.03,5484000
Hyogo,22013,168,3,-13,493943.31,5484000
Hyogo,22020,144,3,-22,493943.31,5484000
Hyogo,22027,118,7,-27.25,493943.31,5484000
Hyogo,22034,35,4,-24.75,491961.38,5484000
Hyogo,22041,33,6,-28.75,487006.5,5484000
Hyogo,22048,11,4,-21.75,487006.5,5484000
Hyogo,22055,0,2,-20.5,487006.5,5484000
Hyogo,22062,0,2,-14.5,487006.5,5484000
Hyogo,22069,0,0,-12.25,516091.78,5484000
Hyogo,22076,0,1,-15.25,520939.31,5484000
Hyogo,22083,1,0,-10.25,520939.31,5484000
Hyogo,22090,5,0,-8,520939.31,5484000
Hyogo,22097,5,2,-14.75,521791.72,5484000
Hyogo,22104,21,0,-17.25,522431,5484000
Hyogo,22111,82,0,-9.75,522431,5484000
Hyogo,22118,152,0,-11,522431,5484000
Hyogo,22125,287,0,-11.5,522849.81,5484000
Hyogo,22132,336,2,-8.75,525362.63,5484000
Hyogo,22139,274,1,-9,525362.63,5484000
Hyogo,22146,241,1,-13.25,525362.63,5484000
Hyogo,22153,151,4,-12,525362.63,5484000
Hyogo,22160,84,1,-13.25,531266,5484000
Hyogo,22167,117,1,-11.75,533627.38,5484000
Hyogo,22174,115,1,-6,533627.38,5484000
Hyogo,22181,88,3,-8.25,533627.38,5484000
Hyogo,22188,124,0,-6.5,539332.81,5484000
Hyogo,22195,111,0,-9.75,546940.13,5484000
Hyogo,22202,101,2,-6.25,546940.13,5484000
Hyogo,22209,131,0,-4.75,546940.13,5484000
Hyogo,22216,125,2,-3.75,546940.13,5484000
Hyogo,22223,236,4,-7.25,549846.19,5484000
Hyogo,22230,409,5,-5.75,549846.19,5484000
Hyogo,22237,741,7,-5.25,549846.19,5484000
Hyogo,22244,820,1,-7,549846.19,5484000
Hyogo,22251,860,14,-9.75,549846.19,5484000
Hyogo,22258,909,17,-10,,5484000
Hyogo,22265,874,19,-12.75,,5484000
Hyogo,22272,1063,42,-11.5,,5484000
Hyogo,22279,1073,49,-33.25,,5484000
Hyogo,22286,1584,47,-22.75,,5484000
Ibaraki,21936,0,0,,551008.81,2877000
Ibaraki,21943,0,0,,551486.25,2877000
Ibaraki,21950,0,0,,554350.81,2877000
Ibaraki,21957,0,0,5,554350.81,2877000
Ibaraki,21964,0,0,-1,554350.81,2877000
Ibaraki,21971,0,0,-1.5,554350.81,2877000
Ibaraki,21978,0,0,-8.5,531787,2877000
Ibaraki,21985,0,0,-4.5,531787,2877000
Ibaraki,21992,3,0,3.25,531787,2877000
Ibaraki,21999,13,0,1,531787,2877000
Ibaraki,22006,43,2,-10.25,510162.03,2877000
Ibaraki,22013,44,3,-13.75,493943.31,2877000
Ibaraki,22020,32,0,-22.25,493943.31,2877000
Ibaraki,22027,25,1,-24.5,493943.31,2877000
Ibaraki,22034,5,2,-27.25,491961.38,2877000
Ibaraki,22041,3,1,-27.25,487006.5,2877000
Ibaraki,22048,0,0,-21.75,487006.5,2877000
Ibaraki,22055,0,0,-23.75,487006.5,2877000
Ibaraki,22062,0,1,-13.5,487006.5,2877000
Ibaraki,22069,0,0,-11.25,516091.78,2877000
Ibaraki,22076,0,0,-11,520939.31,2877000
Ibaraki,22083,2,0,-9,520939.31,2877000
Ibaraki,22090,2,0,-6.75,520939.31,2877000
Ibaraki,22097,11,0,-13,521791.72,2877000
Ibaraki,22104,13,0,-12.5,522431,2877000
Ibaraki,22111,24,0,-11.5,522431,2877000
Ibaraki,22118,19,0,-11.25,522431,2877000
Ibaraki,22125,69,0,-11.5,522849.81,2877000
Ibaraki,22132,72,0,-8.75,525362.63,2877000
Ibaraki,22139,70,0,-6.75,525362.63,2877000
Ibaraki,22146,48,1,-11,525362.63,2877000
Ibaraki,22153,44,2,-11.75,525362.63,2877000
Ibaraki,22160,31,1,-11.75,531266,2877000
Ibaraki,22167,36,1,-10.5,533627.38,2877000
Ibaraki,22174,14,1,-5.75,533627.38,2877000
Ibaraki,22181,14,1,-13.5,533627.38,2877000
Ibaraki,22188,34,0,-5.75,539332.81,2877000
Ibaraki,22195,35,0,-9.75,546940.13,2877000
Ibaraki,22202,19,1,-7.25,546940.13,2877000
Ibaraki,22209,14,0,-4.75,546940.13,2877000
Ibaraki,22216,29,0,-4.5,546940.13,2877000
Ibaraki,22223,38,0,-4.25,549846.19,2877000
Ibaraki,22230,140,0,-3,549846.19,2877000
Ibaraki,22237,259,1,-4.5,549846.19,2877000
Ibaraki,22244,302,2,-9.5,549846.19,2877000
Ibaraki,22251,301,2,-11.25,549846.19,2877000
Ibaraki,22258,165,3,-10.25,,2877000
Ibaraki,22265,144,8,-10.25,,2877000
Ibaraki,22272,163,1,-10.5,,2877000
Ibaraki,22279,228,3,-23,,2877000
Ibaraki,22286,548,2,-14.75,,2877000
Ishikawa,21936,0,0,,551008.81,1143000
Ishikawa,21943,0,0,,551486.25,1143000
Ishikawa,21950,0,0,,554350.81,1143000
Ishikawa,21957,0,0,6,554350.81,1143000
Ishikawa,21964,2,0,-2,554350.81,1143000
Ishikawa,21971,4,0,-3.75,554350.81,1143000
Ishikawa,21978,0,0,-9.75,531787,1143000
Ishikawa,21985,1,0,-9.25,531787,1143000
Ishikawa,21992,1,0,-7,531787,1143000
Ishikawa,21999,1,0,-5,531787,1143000
Ishikawa,22006,23,0,-5,510162.03,1143000
Ishikawa,22013,72,0,-11,493943.31,1143000
Ishikawa,22020,69,4,-22.25,493943.31,1143000
Ishikawa,22027,53,1,-36,493943.31,1143000
Ishikawa,22034,34,8,-26.5,491961.38,1143000
Ishikawa,22041,17,3,-27,487006.5,1143000
Ishikawa,22048,9,5,-22.25,487006.5,1143000
Ishikawa,22055,9,3,-21.75,487006.5,1143000
Ishikawa,22062,3,1,-15,487006.5,1143000
Ishikawa,22069,1,2,-11,516091.78,1143000
Ishikawa,22076,0,0,-11.25,520939.31,1143000
Ishikawa,22083,0,0,-8.5,520939.31,1143000
Ishikawa,22090,1,0,-5.5,520939.31,1143000
Ishikawa,22097,0,0,-8.25,521791.72,1143000
Ishikawa,22104,0,0,-12,522431,1143000
Ishikawa,22111,3,0,-9.5,522431,1143000
Ishikawa,22118,7,0,-1.25,522431,1143000
Ishikawa,22125,12,0,-6.25,522849.81,1143000
Ishikawa,22132,20,0,-3.25,525362.63,1143000
Ishikawa,22139,96,1,2.5,525362.63,1143000
Ishikawa,22146,112,2,-9.125,525362.63,1143000
Ishikawa,22153,70,3,-11.75,525362.63,1143000
Ishikawa,22160,77,5,-13.5,531266,1143000
Ishikawa,22167,33,4,-10.5,533627.38,1143000
Ishikawa,22174,20,2,-5,533627.38,1143000
Ishikawa,22181,23,2,.5,533627.38,1143000
Ishikawa,22188,4,1,-3,539332.81,1143000
Ishikawa,22195,3,0,-6.5,546940.13,1143000
Ishikawa,22202,13,0,-2,546940.13,1143000
Ishikawa,22209,4,2,-1,546940.13,1143000
Ishikawa,22216,13,0,3.25,546940.13,1143000
Ishikawa,22223,9,0,-2.75,549846.19,1143000
Ishikawa,22230,9,0,3,549846.19,1143000
Ishikawa,22237,5,0,6,549846.19,1143000
Ishikawa,22244,13,1,1.75,549846.19,1143000
Ishikawa,22251,21,0,-6.25,549846.19,1143000
Ishikawa,22258,40,0,-5.75,,1143000
Ishikawa,22265,47,0,-13.5,,1143000
Ishikawa,22272,68,0,-12.25,,1143000
Ishikawa,22279,75,1,-34.25,,1143000
Ishikawa,22286,111,1,-25.75,,1143000
Iwate,21936,0,0,,551008.81,1241000
Iwate,21943,0,0,,551486.25,1241000
Iwate,21950,0,0,,554350.81,1241000
Iwate,21957,0,0,4.5,554350.81,1241000
Iwate,21964,0,0,-.25,554350.81,1241000
Iwate,21971,0,0,1.5,554350.81,1241000
Iwate,21978,0,0,-7.25,531787,1241000
Iwate,21985,0,0,-3.25,531787,1241000
Iwate,21992,0,0,-1.25,531787,1241000
Iwate,21999,0,0,0,531787,1241000
Iwate,22006,0,0,-4.5,510162.03,1241000
Iwate,22013,0,0,-5.75,493943.31,1241000
Iwate,22020,0,0,-4.25,493943.31,1241000
Iwate,22027,0,0,-15,493943.31,1241000
Iwate,22034,0,0,-17.5,491961.38,1241000
Iwate,22041,0,0,-16.5,487006.5,1241000
Iwate,22048,0,0,-8.5,487006.5,1241000
Iwate,22055,0,0,-12,487006.5,1241000
Iwate,22062,0,0,-4.5,487006.5,1241000
Iwate,22069,0,0,-2.75,516091.78,1241000
Iwate,22076,0,0,-1.25,520939.31,1241000
Iwate,22083,0,0,.5,520939.31,1241000
Iwate,22090,0,0,.75,520939.31,1241000
Iwate,22097,0,0,-3.25,521791.72,1241000
Iwate,22104,0,0,-1.5,522431,1241000
Iwate,22111,0,0,-2.25,522431,1241000
Iwate,22118,0,0,4,522431,1241000
Iwate,22125,4,0,.5,522849.81,1241000
Iwate,22132,3,0,3.25,525362.63,1241000
Iwate,22139,1,0,8.5,525362.63,1241000
Iwate,22146,3,0,5.75,525362.63,1241000
Iwate,22153,8,0,-7.3333335,525362.63,1241000
Iwate,22160,4,0,-7.5,531266,1241000
Iwate,22167,0,0,3.125,533627.38,1241000
Iwate,22174,0,0,7.5,533627.38,1241000
Iwate,22181,0,0,7.5,533627.38,1241000
Iwate,22188,1,0,9,539332.81,1241000
Iwate,22195,0,0,9,546940.13,1241000
Iwate,22202,2,0,10.25,546940.13,1241000
Iwate,22209,1,0,12,546940.13,1241000
Iwate,22216,0,0,11.5,546940.13,1241000
Iwate,22223,3,0,6.25,549846.19,1241000
Iwate,22230,39,0,4.25,549846.19,1241000
Iwate,22237,58,0,4.5,549846.19,1241000
Iwate,22244,56,1,.5,549846.19,1241000
Iwate,22251,37,3,-3.5,549846.19,1241000
Iwate,22258,75,4,-3,,1241000
Iwate,22265,35,8,-6.25,,1241000
Iwate,22272,33,6,-5.25,,1241000
Iwate,22279,28,2,-25,,1241000
Iwate,22286,26,1,-14.5,,1241000
Kagawa,21936,0,0,,551008.81,962000
Kagawa,21943,0,0,,551486.25,962000
Kagawa,21950,0,0,,554350.81,962000
Kagawa,21957,0,0,2,554350.81,962000
Kagawa,21964,0,0,.75,554350.81,962000
Kagawa,21971,0,0,3,554350.81,962000
Kagawa,21978,0,0,-5.25,531787,962000
Kagawa,21985,0,0,-3,531787,962000
Kagawa,21992,1,0,2.25,531787,962000
Kagawa,21999,0,0,3.5,531787,962000
Kagawa,22006,1,0,-3.75,510162.03,962000
Kagawa,22013,2,0,-7.25,493943.31,962000
Kagawa,22020,21,0,-23,493943.31,962000
Kagawa,22027,3,0,-26.5,493943.31,962000
Kagawa,22034,0,0,-26.75,491961.38,962000
Kagawa,22041,0,0,-30.5,487006.5,962000
Kagawa,22048,0,0,-21,487006.5,962000
Kagawa,22055,0,0,-17.75,487006.5,962000
Kagawa,22062,0,0,-15.75,487006.5,962000
Kagawa,22069,0,0,-13.75,516091.78,962000
Kagawa,22076,0,0,-14.25,520939.31,962000
Kagawa,22083,0,0,-10.75,520939.31,962000
Kagawa,22090,0,0,-8,520939.31,962000
Kagawa,22097,0,0,-9,521791.72,962000
Kagawa,22104,1,0,-14.5,522431,962000
Kagawa,22111,15,0,-9,522431,962000
Kagawa,22118,1,0,-6.5,522431,962000
Kagawa,22125,1,0,-10.75,522849.81,962000
Kagawa,22132,13,0,-8.75,525362.63,962000
Kagawa,22139,4,1,-5,525362.63,962000
Kagawa,22146,8,0,-11.625,525362.63,962000
Kagawa,22153,7,0,-12.375,525362.63,962000
Kagawa,22160,7,0,-13.5,531266,962000
Kagawa,22167,5,1,-14.5,533627.38,962000
Kagawa,22174,4,0,-4.25,533627.38,962000
Kagawa,22181,0,0,-6.5,533627.38,962000
Kagawa,22188,0,0,-5.25,539332.81,962000
Kagawa,22195,1,0,-6.75,546940.13,962000
Kagawa,22202,5,0,-2.5,546940.13,962000
Kagawa,22209,2,0,-1,546940.13,962000
Kagawa,22216,0,0,-.5,546940.13,962000
Kagawa,22223,3,0,-4,549846.19,962000
Kagawa,22230,9,0,-1.75,549846.19,962000
Kagawa,22237,18,0,-.5,549846.19,962000
Kagawa,22244,11,0,-4,549846.19,962000
Kagawa,22251,21,1,-5.75,549846.19,962000
Kagawa,22258,36,0,-8,,962000
Kagawa,22265,6,0,-11,,962000
Kagawa,22272,67,0,-9.75,,962000
Kagawa,22279,35,0,-27.75,,962000
Kagawa,22286,106,1,-16.25,,962000
Kagoshima,21936,0,0,,551008.81,1614000
Kagoshima,21943,0,0,,551486.25,1614000
Kagoshima,21950,0,0,,554350.81,1614000
Kagoshima,21957,0,0,-5.25,554350.81,1614000
Kagoshima,21964,0,0,-.5,554350.81,1614000
Kagoshima,21971,0,0,1.5,554350.81,1614000
Kagoshima,21978,0,0,-5,531787,1614000
Kagoshima,21985,0,0,-5.5,531787,1614000
Kagoshima,21992,0,0,-1,531787,1614000
Kagoshima,21999,1,0,-5.75,531787,1614000
Kagoshima,22006,2,0,-3.75,510162.03,1614000
Kagoshima,22013,1,0,-7.75,493943.31,1614000
Kagoshima,22020,3,0,-14.75,493943.31,1614000
Kagoshima,22027,3,0,-22.5,493943.31,1614000
Kagoshima,22034,0,0,-23.25,491961.38,1614000
Kagoshima,22041,0,0,-26,487006.5,1614000
Kagoshima,22048,0,0,-17.5,487006.5,1614000
Kagoshima,22055,0,0,-15.5,487006.5,1614000
Kagoshima,22062,0,0,-12.75,487006.5,1614000
Kagoshima,22069,0,0,-18,516091.78,1614000
Kagoshima,22076,1,0,-14.75,520939.31,1614000
Kagoshima,22083,0,0,-13.25,520939.31,1614000
Kagoshima,22090,0,0,-9.5,520939.31,1614000
Kagoshima,22097,74,0,-15.5,521791.72,1614000
Kagoshima,22104,52,0,-23,522431,1614000
Kagoshima,22111,27,0,-16.25,522431,1614000
Kagoshima,22118,47,0,-11.25,522431,1614000
Kagoshima,22125,45,1,-11.5,522849.81,1614000
Kagoshima,22132,21,2,-8.25,525362.63,1614000
Kagoshima,22139,19,1,-10.25,525362.63,1614000
Kagoshima,22146,45,4,-12.25,525362.63,1614000
Kagoshima,22153,18,3,-12.75,525362.63,1614000
Kagoshima,22160,12,0,-14.5,531266,1614000
Kagoshima,22167,1,0,-12,533627.38,1614000
Kagoshima,22174,5,1,-9.5,533627.38,1614000
Kagoshima,22181,28,0,-8.25,533627.38,1614000
Kagoshima,22188,20,0,-7.5,539332.81,1614000
Kagoshima,22195,24,0,-9,546940.13,1614000
Kagoshima,22202,14,0,-5.25,546940.13,1614000
Kagoshima,22209,0,0,-4.75,546940.13,1614000
Kagoshima,22216,7,1,-3.25,546940.13,1614000
Kagoshima,22223,53,0,-5,549846.19,1614000
Kagoshima,22230,31,0,-3.75,549846.19,1614000
Kagoshima,22237,41,0,-3.25,549846.19,1614000
Kagoshima,22244,28,0,-4.25,549846.19,1614000
Kagoshima,22251,36,0,-6.75,549846.19,1614000
Kagoshima,22258,154,0,-7.5,,1614000
Kagoshima,22265,62,0,-8.75,,1614000
Kagoshima,22272,71,0,-8.25,,1614000
Kagoshima,22279,87,1,-25,,1614000
Kagoshima,22286,195,0,-15.5,,1614000
Kanagawa,21936,0,0,,551008.81,9177000
Kanagawa,21943,0,0,,551486.25,9177000
Kanagawa,21950,0,0,,554350.81,9177000
Kanagawa,21957,2,1,3.25,554350.81,9177000
Kanagawa,21964,13,0,-.25,554350.81,9177000
Kanagawa,21971,6,0,-2.25,554350.81,9177000
Kanagawa,21978,19,0,-7,531787,9177000
Kanagawa,21985,9,2,-2.75,531787,9177000
Kanagawa,21992,22,1,-.5,531787,9177000
Kanagawa,21999,44,1,-2,531787,9177000
Kanagawa,22006,122,2,-13,510162.03,9177000
Kanagawa,22013,274,4,-21,493943.31,9177000
Kanagawa,22020,239,6,-27,493943.31,9177000
Kanagawa,22027,187,8,-28.25,493943.31,9177000
Kanagawa,22034,136,14,-30,491961.38,9177000
Kanagawa,22041,82,12,-33.25,487006.5,9177000
Kanagawa,22048,105,13,-26.5,487006.5,9177000
Kanagawa,22055,64,11,-31.5,487006.5,9177000
Kanagawa,22062,36,10,-20.25,487006.5,9177000
Kanagawa,22069,29,2,-16.25,516091.78,9177000
Kanagawa,22076,16,3,-15.25,520939.31,9177000
Kanagawa,22083,25,4,-13.75,520939.31,9177000
Kanagawa,22090,22,2,-12,520939.31,9177000
Kanagawa,22097,110,0,-19.75,521791.72,9177000
Kanagawa,22104,155,2,-18,522431,9177000
Kanagawa,22111,248,0,-19.25,522431,9177000
Kanagawa,22118,238,0,-14.25,522431,9177000
Kanagawa,22125,337,1,-15.5,522849.81,9177000
Kanagawa,22132,643,4,-12.5,525362.63,9177000
Kanagawa,22139,588,2,-17,525362.63,9177000
Kanagawa,22146,596,3,-17,525362.63,9177000
Kanagawa,22153,476,10,-15.75,525362.63,9177000
Kanagawa,22160,505,8,-16.5,531266,9177000
Kanagawa,22167,539,1,-14.75,533627.38,9177000
Kanagawa,22174,432,8,-10.25,533627.38,9177000
Kanagawa,22181,355,1,-19.75,533627.38,9177000
Kanagawa,22188,422,7,-9.5,539332.81,9177000
Kanagawa,22195,372,7,-14.25,546940.13,9177000
Kanagawa,22202,422,4,-11.25,546940.13,9177000
Kanagawa,22209,412,8,-9.75,546940.13,9177000
Kanagawa,22216,406,9,-7.5,546940.13,9177000
Kanagawa,22223,549,6,-9.75,549846.19,9177000
Kanagawa,22230,781,5,-10.25,549846.19,9177000
Kanagawa,22237,1139,2,-10,549846.19,9177000
Kanagawa,22244,1143,10,-11.25,549846.19,9177000
Kanagawa,22251,1180,19,-13.5,549846.19,9177000
Kanagawa,22258,1317,12,-12,,9177000
Kanagawa,22265,1793,12,-13,,9177000
Kanagawa,22272,2559,22,-12.5,,9177000
Kanagawa,22279,2940,24,-30.25,,9177000
Kanagawa,22286,4506,32,-23.75,,9177000
Kochi,21936,0,0,,551008.81,706000
Kochi,21943,0,0,,551486.25,706000
Kochi,21950,0,0,,554350.81,706000
Kochi,21957,0,0,4.5,554350.81,706000
Kochi,21964,0,0,2.25,554350.81,706000
Kochi,21971,1,0,4.75,554350.81,706000
Kochi,21978,9,0,-8.5,531787,706000
Kochi,21985,2,0,-4.75,531787,706000
Kochi,21992,0,0,.75,531787,706000
Kochi,21999,1,0,1.75,531787,706000
Kochi,22006,13,0,-2,510162.03,706000
Kochi,22013,28,0,-8,493943.31,706000
Kochi,22020,10,1,-20.5,493943.31,706000
Kochi,22027,8,2,-21.75,493943.31,706000
Kochi,22034,2,0,-22.75,491961.38,706000
Kochi,22041,0,0,-25.25,487006.5,706000
Kochi,22048,0,0,-16.5,487006.5,706000
Kochi,22055,0,0,-13.75,487006.5,706000
Kochi,22062,0,0,-11.5,487006.5,706000
Kochi,22069,0,0,-10.5,516091.78,706000
Kochi,22076,0,0,-13,520939.31,706000
Kochi,22083,0,0,-8.75,520939.31,706000
Kochi,22090,0,0,-5,520939.31,706000
Kochi,22097,0,0,-9.5,521791.72,706000
Kochi,22104,0,0,-13.5,522431,706000
Kochi,22111,2,0,-7.5,522431,706000
Kochi,22118,2,0,-4.5,522431,706000
Kochi,22125,2,0,-6.25,522849.81,706000
Kochi,22132,3,0,-2,525362.63,706000
Kochi,22139,14,0,8.5,525362.63,706000
Kochi,22146,10,0,-5.25,525362.63,706000
Kochi,22153,17,0,-8.75,525362.63,706000
Kochi,22160,7,0,-12.5,531266,706000
Kochi,22167,6,1,-14,533627.38,706000
Kochi,22174,0,0,-4.75,533627.38,706000
Kochi,22181,0,0,-5,533627.38,706000
Kochi,22188,1,0,-3.25,539332.81,706000
Kochi,22195,0,0,-4.75,546940.13,706000
Kochi,22202,2,0,-.25,546940.13,706000
Kochi,22209,0,0,-1,546940.13,706000
Kochi,22216,4,0,1.25,546940.13,706000
Kochi,22223,0,0,-1.75,549846.19,706000
Kochi,22230,0,0,1,549846.19,706000
Kochi,22237,2,0,.25,549846.19,706000
Kochi,22244,3,0,-2,549846.19,706000
Kochi,22251,66,0,-5.75,549846.19,706000
Kochi,22258,124,0,-8.25,,706000
Kochi,22265,139,1,-12,,706000
Kochi,22272,140,1,-12,,706000
Kochi,22279,58,2,-26.25,,706000
Kochi,22286,49,3,-18.5,,706000
Kumamoto,21936,0,0,,551008.81,1757000
Kumamoto,21943,0,0,,551486.25,1757000
Kumamoto,21950,0,0,,554350.81,1757000
Kumamoto,21957,0,0,2.25,554350.81,1757000
Kumamoto,21964,3,0,-1.25,554350.81,1757000
Kumamoto,21971,2,0,-1.5,554350.81,1757000
Kumamoto,21978,1,0,-7.25,531787,1757000
Kumamoto,21985,0,0,-6.75,531787,1757000
Kumamoto,21992,1,0,-1.25,531787,1757000
Kumamoto,21999,4,0,-3.75,531787,1757000
Kumamoto,22006,7,0,-4,510162.03,1757000
Kumamoto,22013,7,1,-9.5,493943.31,1757000
Kumamoto,22020,12,0,-17.75,493943.31,1757000
Kumamoto,22027,8,0,-21.5,493943.31,1757000
Kumamoto,22034,2,0,-22,491961.38,1757000
Kumamoto,22041,1,2,-23.75,487006.5,1757000
Kumamoto,22048,0,0,-18.5,487006.5,1757000
Kumamoto,22055,0,0,-15.75,487006.5,1757000
Kumamoto,22062,0,0,-12.25,487006.5,1757000
Kumamoto,22069,0,0,-13.75,516091.78,1757000
Kumamoto,22076,0,0,-12.25,520939.31,1757000
Kumamoto,22083,0,0,-12,520939.31,1757000
Kumamoto,22090,1,0,-8.5,520939.31,1757000
Kumamoto,22097,0,0,-14.25,521791.72,1757000
Kumamoto,22104,0,0,-19.75,522431,1757000
Kumamoto,22111,1,0,-9.5,522431,1757000
Kumamoto,22118,10,0,-8.5,522431,1757000
Kumamoto,22125,157,0,-10.25,522849.81,1757000
Kumamoto,22132,134,2,-9,525362.63,1757000
Kumamoto,22139,52,1,-9.25,525362.63,1757000
Kumamoto,22146,63,1,-10,525362.63,1757000
Kumamoto,22153,43,0,-11.5,525362.63,1757000
Kumamoto,22160,34,0,-12.5,531266,1757000
Kumamoto,22167,25,1,-11.25,533627.38,1757000
Kumamoto,22174,3,0,-7,533627.38,1757000
Kumamoto,22181,1,0,-6.75,533627.38,1757000
Kumamoto,22188,16,0,-7,539332.81,1757000
Kumamoto,22195,94,0,-7.25,546940.13,1757000
Kumamoto,22202,58,0,-5,546940.13,1757000
Kumamoto,22209,28,0,-4,546940.13,1757000
Kumamoto,22216,29,0,-3,546940.13,1757000
Kumamoto,22223,50,1,-5.5,549846.19,1757000
Kumamoto,22230,56,0,-4,549846.19,1757000
Kumamoto,22237,61,3,-5,549846.19,1757000
Kumamoto,22244,46,1,-5.25,549846.19,1757000
Kumamoto,22251,73,0,-8.75,549846.19,1757000
Kumamoto,22258,144,0,-8.75,,1757000
Kumamoto,22265,209,0,-11.25,,1757000
Kumamoto,22272,240,3,-11.5,,1757000
Kumamoto,22279,255,2,-29.5,,1757000
Kumamoto,22286,438,14,-17.5,,1757000
Kyoto,21936,0,0,,551008.81,2591000
Kyoto,21943,1,0,,551486.25,2591000
Kyoto,21950,1,0,,554350.81,2591000
Kyoto,21957,0,0,-2,554350.81,2591000
Kyoto,21964,0,0,-1.25,554350.81,2591000
Kyoto,21971,0,0,-3.25,554350.81,2591000
Kyoto,21978,6,0,-8,531787,2591000
Kyoto,21985,9,0,-7.25,531787,2591000
Kyoto,21992,6,0,.75,531787,2591000
Kyoto,21999,17,0,-1.5,531787,2591000
Kyoto,22006,76,0,-8.75,510162.03,2591000
Kyoto,22013,65,3,-15,493943.31,2591000
Kyoto,22020,61,0,-26,493943.31,2591000
Kyoto,22027,48,5,-33.75,493943.31,2591000
Kyoto,22034,39,4,-30.5,491961.38,2591000
Kyoto,22041,23,1,-35.75,487006.5,2591000
Kyoto,22048,6,1,-28.5,487006.5,2591000
Kyoto,22055,0,0,-26.75,487006.5,2591000
Kyoto,22062,0,3,-21,487006.5,2591000
Kyoto,22069,1,1,-17.5,516091.78,2591000
Kyoto,22076,1,0,-18,520939.31,2591000
Kyoto,22083,5,0,-16.75,520939.31,2591000
Kyoto,22090,9,0,-12,520939.31,2591000
Kyoto,22097,26,0,-17.5,521791.72,2591000
Kyoto,22104,39,0,-20.25,522431,2591000
Kyoto,22111,88,0,-16.25,522431,2591000
Kyoto,22118,117,1,-17.5,522431,2591000
Kyoto,22125,165,1,-16.5,522849.81,2591000
Kyoto,22132,154,1,-15,525362.63,2591000
Kyoto,22139,150,0,-16,525362.63,2591000
Kyoto,22146,193,0,-18.5,525362.63,2591000
Kyoto,22153,133,1,-18,525362.63,2591000
Kyoto,22160,122,3,-18,531266,2591000
Kyoto,22167,55,0,-14.75,533627.38,2591000
Kyoto,22174,56,0,-10.5,533627.38,2591000
Kyoto,22181,54,0,-10,533627.38,2591000
Kyoto,22188,57,1,-8.75,539332.81,2591000
Kyoto,22195,61,1,-12.25,546940.13,2591000
Kyoto,22202,78,0,-8.25,546940.13,2591000
Kyoto,22209,49,3,-6.25,546940.13,2591000
Kyoto,22216,75,0,-5,546940.13,2591000
Kyoto,22223,99,0,-7.75,549846.19,2591000
Kyoto,22230,129,3,-5.5,549846.19,2591000
Kyoto,22237,196,2,-1,549846.19,2591000
Kyoto,22244,176,2,-1.75,549846.19,2591000
Kyoto,22251,169,2,-8.5,549846.19,2591000
Kyoto,22258,393,3,-11,,2591000
Kyoto,22265,511,1,-15,,2591000
Kyoto,22272,642,4,-15,,2591000
Kyoto,22279,628,10,-35.5,,2591000
Kyoto,22286,802,15,-26,,2591000
Mie,21936,0,0,,551008.81,1791000
Mie,21943,1,0,,551486.25,1791000
Mie,21950,0,0,,554350.81,1791000
Mie,21957,0,0,-4.25,554350.81,1791000
Mie,21964,0,0,-3.75,554350.81,1791000
Mie,21971,0,0,-2,554350.81,1791000
Mie,21978,0,0,-8.25,531787,1791000
Mie,21985,7,0,-6.5,531787,1791000
Mie,21992,1,0,-2.25,531787,1791000
Mie,21999,0,0,-6.25,531787,1791000
Mie,22006,4,0,-15.5,510162.03,1791000
Mie,22013,4,0,-11.5,493943.31,1791000
Mie,22020,18,1,-26,493943.31,1791000
Mie,22027,10,0,-27.75,493943.31,1791000
Mie,22034,0,0,-27.75,491961.38,1791000
Mie,22041,0,0,-33.5,487006.5,1791000
Mie,22048,0,0,-22.5,487006.5,1791000
Mie,22055,0,0,-22,487006.5,1791000
Mie,22062,0,0,-17.75,487006.5,1791000
Mie,22069,0,0,-13.5,516091.78,1791000
Mie,22076,0,0,-15,520939.31,1791000
Mie,22083,1,0,-13,520939.31,1791000
Mie,22090,0,0,-10,520939.31,1791000
Mie,22097,0,0,-13.25,521791.72,1791000
Mie,22104,2,0,-16,522431,1791000
Mie,22111,8,0,-15.25,522431,1791000
Mie,22118,9,0,-10.5,522431,1791000
Mie,22125,47,0,-13.25,522849.81,1791000
Mie,22132,117,0,-11.25,525362.63,1791000
Mie,22139,52,0,-6.5,525362.63,1791000
Mie,22146,56,1,-14.25,525362.63,1791000
Mie,22153,28,0,-16.25,525362.63,1791000
Mie,22160,59,0,-16.5,531266,1791000
Mie,22167,33,3,-15.5,533627.38,1791000
Mie,22174,13,0,-8.75,533627.38,1791000
Mie,22181,24,2,-11.5,533627.38,1791000
Mie,22188,33,0,-10.5,539332.81,1791000
Mie,22195,10,0,-14.25,546940.13,1791000
Mie,22202,12,0,-8.25,546940.13,1791000
Mie,22209,6,0,-8.75,546940.13,1791000
Mie,22216,10,0,-6,546940.13,1791000
Mie,22223,30,0,-8.5,549846.19,1791000
Mie,22230,21,0,-8,549846.19,1791000
Mie,22237,90,0,-8,549846.19,1791000
Mie,22244,120,0,-7.5,549846.19,1791000
Mie,22251,114,2,-10.75,549846.19,1791000
Mie,22258,102,3,-10.5,,1791000
Mie,22265,89,3,-14,,1791000
Mie,22272,80,1,-13,,1791000
Mie,22279,100,2,-28.75,,1791000
Mie,22286,209,4,-18.25,,1791000
Miyagi,21936,0,0,,551008.81,2316000
Miyagi,21943,0,0,,551486.25,2316000
Miyagi,21950,0,0,,554350.81,2316000
Miyagi,21957,0,0,4.5,554350.81,2316000
Miyagi,21964,0,0,1.25,554350.81,2316000
Miyagi,21971,1,0,-1.5,554350.81,2316000
Miyagi,21978,0,0,-9.5,531787,2316000
Miyagi,21985,0,0,-6.25,531787,2316000
Miyagi,21992,0,0,0,531787,2316000
Miyagi,21999,1,0,-2.25,531787,2316000
Miyagi,22006,18,0,-7.75,510162.03,2316000
Miyagi,22013,25,0,-10.75,493943.31,2316000
Miyagi,22020,38,0,-16.75,493943.31,2316000
Miyagi,22027,2,0,-25.25,493943.31,2316000
Miyagi,22034,3,0,-26.25,491961.38,2316000
Miyagi,22041,0,1,-27.5,487006.5,2316000
Miyagi,22048,0,0,-18.5,487006.5,2316000
Miyagi,22055,0,0,-22.25,487006.5,2316000
Miyagi,22062,0,0,-10.75,487006.5,2316000
Miyagi,22069,0,0,-9.5,516091.78,2316000
Miyagi,22076,0,0,-9,520939.31,2316000
Miyagi,22083,1,0,-8.5,520939.31,2316000
Miyagi,22090,3,0,-8,520939.31,2316000
Miyagi,22097,6,0,-9,521791.72,2316000
Miyagi,22104,6,0,-10.5,522431,2316000
Miyagi,22111,28,0,-11.25,522431,2316000
Miyagi,22118,10,0,-7.25,522431,2316000
Miyagi,22125,23,0,-10,522849.81,2316000
Miyagi,22132,17,0,-5,525362.63,2316000
Miyagi,22139,2,0,-6.5,525362.63,2316000
Miyagi,22146,7,1,-7.5,525362.63,2316000
Miyagi,22153,12,0,-7.75,525362.63,2316000
Miyagi,22160,36,0,-10.5,531266,2316000
Miyagi,22167,63,0,-7.75,533627.38,2316000
Miyagi,22174,63,0,-4.25,533627.38,2316000
Miyagi,22181,24,0,-4,533627.38,2316000
Miyagi,22188,36,0,-4.75,539332.81,2316000
Miyagi,22195,59,0,-6,546940.13,2316000
Miyagi,22202,40,0,-4.75,546940.13,2316000
Miyagi,22209,48,0,-2,546940.13,2316000
Miyagi,22216,154,0,-1.25,546940.13,2316000
Miyagi,22223,126,2,-3.25,549846.19,2316000
Miyagi,22230,131,4,-5,549846.19,2316000
Miyagi,22237,108,1,-5,549846.19,2316000
Miyagi,22244,103,1,-6.75,549846.19,2316000
Miyagi,22251,99,0,-9.5,549846.19,2316000
Miyagi,22258,205,2,-10,,2316000
Miyagi,22265,244,0,-13.25,,2316000
Miyagi,22272,283,2,-10,,2316000
Miyagi,22279,200,2,-35.75,,2316000
Miyagi,22286,335,1,-22.25,,2316000
Miyazaki,21936,0,0,,551008.81,1081000
Miyazaki,21943,0,0,,551486.25,1081000
Miyazaki,21950,0,0,,554350.81,1081000
Miyazaki,21957,0,0,-5.25,554350.81,1081000
Miyazaki,21964,0,0,.5,554350.81,1081000
Miyazaki,21971,0,0,2.75,554350.81,1081000
Miyazaki,21978,1,0,-6,531787,1081000
Miyazaki,21985,0,0,-7.25,531787,1081000
Miyazaki,21992,2,0,-3.5,531787,1081000
Miyazaki,21999,0,0,-10.25,531787,1081000
Miyazaki,22006,5,0,-5.75,510162.03,1081000
Miyazaki,22013,9,0,-9,493943.31,1081000
Miyazaki,22020,0,0,-14,493943.31,1081000
Miyazaki,22027,0,0,-18.5,493943.31,1081000
Miyazaki,22034,0,0,-21.25,491961.38,1081000
Miyazaki,22041,0,0,-22.25,487006.5,1081000
Miyazaki,22048,0,0,-16,487006.5,1081000
Miyazaki,22055,0,0,-16,487006.5,1081000
Miyazaki,22062,0,0,-12.75,487006.5,1081000
Miyazaki,22069,0,0,-15.25,516091.78,1081000
Miyazaki,22076,0,0,-14,520939.31,1081000
Miyazaki,22083,0,0,-11.75,520939.31,1081000
Miyazaki,22090,0,0,-8.5,520939.31,1081000
Miyazaki,22097,0,0,-15.25,521791.72,1081000
Miyazaki,22104,1,0,-16.75,522431,1081000
Miyazaki,22111,2,0,-11.75,522431,1081000
Miyazaki,22118,35,0,-8.25,522431,1081000
Miyazaki,22125,102,0,-13,522849.81,1081000
Miyazaki,22132,91,0,-13.5,525362.63,1081000
Miyazaki,22139,34,1,-14.75,525362.63,1081000
Miyazaki,22146,56,0,-12.75,525362.63,1081000
Miyazaki,22153,18,0,-14.25,525362.63,1081000
Miyazaki,22160,4,0,-14.125,531266,1081000
Miyazaki,22167,3,0,-12.125,533627.38,1081000
Miyazaki,22174,2,0,-6,533627.38,1081000
Miyazaki,22181,0,0,-4.75,533627.38,1081000
Miyazaki,22188,0,0,-5,539332.81,1081000
Miyazaki,22195,0,0,-4.25,546940.13,1081000
Miyazaki,22202,1,0,.25,546940.13,1081000
Miyazaki,22209,1,0,-.5,546940.13,1081000
Miyazaki,22216,0,0,.5,546940.13,1081000
Miyazaki,22223,5,0,-4.25,549846.19,1081000
Miyazaki,22230,1,0,-1.75,549846.19,1081000
Miyazaki,22237,40,0,-.75,549846.19,1081000
Miyazaki,22244,70,0,-1.5,549846.19,1081000
Miyazaki,22251,61,0,-6.5,549846.19,1081000
Miyazaki,22258,46,2,-6.75,,1081000
Miyazaki,22265,67,2,-8,,1081000
Miyazaki,22272,49,0,-7.5,,1081000
Miyazaki,22279,107,4,-21.25,,1081000
Miyazaki,22286,433,1,-16.75,,1081000
Nagano,21936,0,0,,551008.81,2063000
Nagano,21943,0,0,,551486.25,2063000
Nagano,21950,0,0,,554350.81,2063000
Nagano,21957,0,0,1.5,554350.81,2063000
Nagano,21964,0,0,.5,554350.81,2063000
Nagano,21971,2,0,-3.5,554350.81,2063000
Nagano,21978,1,0,-8.5,531787,2063000
Nagano,21985,1,0,-5.25,531787,2063000
Nagano,21992,0,0,-1.25,531787,2063000
Nagano,21999,2,0,-5.5,531787,2063000
Nagano,22006,5,0,-11.5,510162.03,2063000
Nagano,22013,17,0,-10.75,493943.31,2063000
Nagano,22020,19,0,-19.25,493943.31,2063000
Nagano,22027,19,0,-24.75,493943.31,2063000
Nagano,22034,4,0,-25.75,491961.38,2063000
Nagano,22041,5,0,-29.5,487006.5,2063000
Nagano,22048,1,0,-21.25,487006.5,2063000
Nagano,22055,0,0,-20,487006.5,2063000
Nagano,22062,0,0,-15.25,487006.5,2063000
Nagano,22069,0,0,-11,516091.78,2063000
Nagano,22076,0,0,-9.25,520939.31,2063000
Nagano,22083,1,0,-7.75,520939.31,2063000
Nagano,22090,0,0,-4.25,520939.31,2063000
Nagano,22097,0,0,-9.25,521791.72,2063000
Nagano,22104,0,0,-13.5,522431,2063000
Nagano,22111,7,0,-9,522431,2063000
Nagano,22118,4,0,-1.75,522431,2063000
Nagano,22125,23,0,-5,522849.81,2063000
Nagano,22132,16,0,3.5,525362.63,2063000
Nagano,22139,21,0,18.25,525362.63,2063000
Nagano,22146,21,0,1,525362.63,2063000
Nagano,22153,68,0,-2.25,525362.63,2063000
Nagano,22160,49,1,-5.75,531266,2063000
Nagano,22167,10,0,-5.25,533627.38,2063000
Nagano,22174,5,0,2.5,533627.38,2063000
Nagano,22181,2,0,1.5,533627.38,2063000
Nagano,22188,9,0,3,539332.81,2063000
Nagano,22195,8,0,-.75,546940.13,2063000
Nagano,22202,6,3,3.5,546940.13,2063000
Nagano,22209,5,0,6.75,546940.13,2063000
Nagano,22216,10,0,7.25,546940.13,2063000
Nagano,22223,28,2,3.5,549846.19,2063000
Nagano,22230,79,0,.5,549846.19,2063000
Nagano,22237,144,0,-.75,549846.19,2063000
Nagano,22244,99,0,-4.5,549846.19,2063000
Nagano,22251,95,0,-10,549846.19,2063000
Nagano,22258,155,0,-10.75,,2063000
Nagano,22265,92,3,-13.25,,2063000
Nagano,22272,72,4,-12.5,,2063000
Nagano,22279,112,3,-29.25,,2063000
Nagano,22286,324,2,-20.5,,2063000
Nagasaki,21936,0,0,,551008.81,1341000
Nagasaki,21943,0,0,,551486.25,1341000
Nagasaki,21950,0,0,,554350.81,1341000
Nagasaki,21957,0,0,-4.5,554350.81,1341000
Nagasaki,21964,0,0,-1,554350.81,1341000
Nagasaki,21971,0,0,1,554350.81,1341000
Nagasaki,21978,0,0,-7.5,531787,1341000
Nagasaki,21985,1,0,-5.5,531787,1341000
Nagasaki,21992,0,0,-2.25,531787,1341000
Nagasaki,21999,1,0,-5,531787,1341000
Nagasaki,22006,9,0,-5.25,510162.03,1341000
Nagasaki,22013,3,0,-10.25,493943.31,1341000
Nagasaki,22020,3,0,-17.75,493943.31,1341000
Nagasaki,22027,0,1,-24.5,493943.31,1341000
Nagasaki,22034,0,0,-24.5,491961.38,1341000
Nagasaki,22041,0,0,-27.5,487006.5,1341000
Nagasaki,22048,0,0,-18.5,487006.5,1341000
Nagasaki,22055,0,0,-15,487006.5,1341000
Nagasaki,22062,0,0,-13,487006.5,1341000
Nagasaki,22069,0,0,-13.25,516091.78,1341000
Nagasaki,22076,0,0,-13.75,520939.31,1341000
Nagasaki,22083,0,0,-11.5,520939.31,1341000
Nagasaki,22090,0,0,-10,520939.31,1341000
Nagasaki,22097,1,0,-10.25,521791.72,1341000
Nagasaki,22104,4,0,-23,522431,1341000
Nagasaki,22111,17,0,-11.25,522431,1341000
Nagasaki,22118,12,1,-12.25,522431,1341000
Nagasaki,22125,38,0,-12.5,522849.81,1341000
Nagasaki,22132,70,1,-10.25,525362.63,1341000
Nagasaki,22139,25,0,-11,525362.63,1341000
Nagasaki,22146,14,0,-12,525362.63,1341000
Nagasaki,22153,31,0,-14,525362.63,1341000
Nagasaki,22160,5,0,-14.75,531266,1341000
Nagasaki,22167,1,0,-12.25,533627.38,1341000
Nagasaki,22174,1,0,-7,533627.38,1341000
Nagasaki,22181,0,0,-7.75,533627.38,1341000
Nagasaki,22188,2,0,-5.5,539332.81,1341000
Nagasaki,22195,3,0,-7.5,546940.13,1341000
Nagasaki,22202,1,0,-4,546940.13,1341000
Nagasaki,22209,2,0,-2.25,546940.13,1341000
Nagasaki,22216,1,0,-2,546940.13,1341000
Nagasaki,22223,4,0,-4.25,549846.19,1341000
Nagasaki,22230,1,0,-3.25,549846.19,1341000
Nagasaki,22237,10,0,-2.75,549846.19,1341000
Nagasaki,22244,9,0,-4.5,549846.19,1341000
Nagasaki,22251,4,0,-6.5,549846.19,1341000
Nagasaki,22258,35,0,-6.25,,1341000
Nagasaki,22265,69,0,-9,,1341000
Nagasaki,22272,160,0,-9.5,,1341000
Nagasaki,22279,166,1,-33.25,,1341000
Nagasaki,22286,313,3,-17.5,,1341000
Nara,21936,0,0,,551008.81,1339000
Nara,21943,1,0,,551486.25,1339000
Nara,21950,0,0,,554350.81,1339000
Nara,21957,0,0,-5,554350.81,1339000
Nara,21964,0,0,-4.5,554350.81,1339000
Nara,21971,0,0,-1.5,554350.81,1339000
Nara,21978,3,0,-3.25,531787,1339000
Nara,21985,4,0,-2.25,531787,1339000
Nara,21992,0,0,1,531787,1339000
Nara,21999,3,0,-.75,531787,1339000
Nara,22006,13,0,-2,510162.03,1339000
Nara,22013,15,0,-6,493943.31,1339000
Nara,22020,20,1,-20,493943.31,1339000
Nara,22027,15,0,-26,493943.31,1339000
Nara,22034,9,0,-25.75,491961.38,1339000
Nara,22041,4,1,-29.25,487006.5,1339000
Nara,22048,0,0,-24.5,487006.5,1339000
Nara,22055,0,0,-18.5,487006.5,1339000
Nara,22062,1,0,-13.25,487006.5,1339000
Nara,22069,0,0,-12.5,516091.78,1339000
Nara,22076,0,0,-13.75,520939.31,1339000
Nara,22083,0,0,-12.25,520939.31,1339000
Nara,22090,0,0,-8,520939.31,1339000
Nara,22097,1,0,-10.75,521791.72,1339000
Nara,22104,21,0,-16,522431,1339000
Nara,22111,37,0,-11.5,522431,1339000
Nara,22118,49,0,-12,522431,1339000
Nara,22125,57,0,-10.5,522849.81,1339000
Nara,22132,62,0,-9.75,525362.63,1339000
Nara,22139,49,1,-7,525362.63,1339000
Nara,22146,113,0,-13.75,525362.63,1339000
Nara,22153,27,2,-14.75,525362.63,1339000
Nara,22160,24,3,-13.75,531266,1339000
Nara,22167,10,0,-12.5,533627.38,1339000
Nara,22174,7,1,-7.25,533627.38,1339000
Nara,22181,10,0,-7.75,533627.38,1339000
Nara,22188,18,0,-5.5,539332.81,1339000
Nara,22195,15,0,-10,546940.13,1339000
Nara,22202,18,0,-3.75,546940.13,1339000
Nara,22209,11,0,-3.75,546940.13,1339000
Nara,22216,24,1,-.25,546940.13,1339000
Nara,22223,78,0,-2.5,549846.19,1339000
Nara,22230,105,1,-4.25,549846.19,1339000
Nara,22237,133,0,-3.5,549846.19,1339000
Nara,22244,124,0,-5.25,549846.19,1339000
Nara,22251,183,2,-9.5,549846.19,1339000
Nara,22258,168,1,-10,,1339000
Nara,22265,159,2,-12.5,,1339000
Nara,22272,213,5,-12,,1339000
Nara,22279,232,3,-32.75,,1339000
Nara,22286,233,2,-23,,1339000
Niigata,21936,0,0,,551008.81,2246000
Niigata,21943,0,0,,551486.25,2246000
Niigata,21950,0,0,,554350.81,2246000
Niigata,21957,0,0,6.5,554350.81,2246000
Niigata,21964,0,0,-.75,554350.81,2246000
Niigata,21971,1,0,.25,554350.81,2246000
Niigata,21978,5,0,-9.25,531787,2246000
Niigata,21985,10,0,-5,531787,2246000
Niigata,21992,11,0,-4.25,531787,2246000
Niigata,21999,4,0,-6.75,531787,2246000
Niigata,22006,4,0,-4.25,510162.03,2246000
Niigata,22013,7,0,-2.25,493943.31,2246000
Niigata,22020,14,0,-6.5,493943.31,2246000
Niigata,22027,10,0,-22.5,493943.31,2246000
Niigata,22034,11,0,-17.75,491961.38,2246000
Niigata,22041,4,0,-19.5,487006.5,2246000
Niigata,22048,1,0,-13,487006.5,2246000
Niigata,22055,0,0,-14.75,487006.5,2246000
Niigata,22062,0,0,-4,487006.5,2246000
Niigata,22069,0,0,-2.75,516091.78,2246000
Niigata,22076,0,0,-2.75,520939.31,2246000
Niigata,22083,1,0,-2,520939.31,2246000
Niigata,22090,0,0,1.75,520939.31,2246000
Niigata,22097,1,0,-3.5,521791.72,2246000
Niigata,22104,2,0,-6,522431,2246000
Niigata,22111,3,0,-1,522431,2246000
Niigata,22118,2,0,1.5,522431,2246000
Niigata,22125,22,0,-6,522849.81,2246000
Niigata,22132,14,0,2.75,525362.63,2246000
Niigata,22139,1,0,7,525362.63,2246000
Niigata,22146,10,0,0,525362.63,2246000
Niigata,22153,4,0,-1.25,525362.63,2246000
Niigata,22160,2,0,-4.5,531266,2246000
Niigata,22167,3,0,-.75,533627.38,2246000
Niigata,22174,14,0,3.75,533627.38,2246000
Niigata,22181,8,0,5,533627.38,2246000
Niigata,22188,0,0,5,539332.81,2246000
Niigata,22195,7,0,3.5,546940.13,2246000
Niigata,22202,3,0,5.5,546940.13,2246000
Niigata,22209,1,0,6.5,546940.13,2246000
Niigata,22216,3,0,6.75,546940.13,2246000
Niigata,22223,5,0,2.25,549846.19,2246000
Niigata,22230,36,0,2.25,549846.19,2246000
Niigata,22237,70,0,6.5,549846.19,2246000
Niigata,22244,35,0,-1.25,549846.19,2246000
Niigata,22251,25,0,-6.5,549846.19,2246000
Niigata,22258,36,2,-5.75,,2246000
Niigata,22265,45,1,-11,,2246000
Niigata,22272,68,0,-7.5,,2246000
Niigata,22279,52,0,-30.5,,2246000
Niigata,22286,85,0,-19,,2246000
Oita,21936,0,0,,551008.81,1144000
Oita,21943,0,0,,551486.25,1144000
Oita,21950,0,0,,554350.81,1144000
Oita,21957,0,0,-1.5,554350.81,1144000
Oita,21964,0,0,-1.5,554350.81,1144000
Oita,21971,0,0,-.75,554350.81,1144000
Oita,21978,1,0,-9.25,531787,1144000
Oita,21985,0,0,-6.5,531787,1144000
Oita,21992,12,0,-2.75,531787,1144000
Oita,21999,14,0,-5.5,531787,1144000
Oita,22006,5,0,-6.75,510162.03,1144000
Oita,22013,10,0,-12.5,493943.31,1144000
Oita,22020,12,1,-21.25,493943.31,1144000
Oita,22027,6,0,-23,493943.31,1144000
Oita,22034,0,0,-23.75,491961.38,1144000
Oita,22041,0,0,-25.25,487006.5,1144000
Oita,22048,0,0,-19.5,487006.5,1144000
Oita,22055,0,0,-17,487006.5,1144000
Oita,22062,0,0,-14.25,487006.5,1144000
Oita,22069,0,0,-14.75,516091.78,1144000
Oita,22076,0,0,-15.25,520939.31,1144000
Oita,22083,0,0,-12.25,520939.31,1144000
Oita,22090,0,0,-9.75,520939.31,1144000
Oita,22097,0,0,-14.75,521791.72,1144000
Oita,22104,0,0,-20.75,522431,1144000
Oita,22111,0,0,-13,522431,1144000
Oita,22118,0,0,-10.75,522431,1144000
Oita,22125,8,0,-11.5,522849.81,1144000
Oita,22132,12,0,-11,525362.63,1144000
Oita,22139,17,0,-6,525362.63,1144000
Oita,22146,41,0,-12.5,525362.63,1144000
Oita,22153,6,0,-14,525362.63,1144000
Oita,22160,13,1,-14.75,531266,1144000
Oita,22167,1,0,-14,533627.38,1144000
Oita,22174,0,0,-7.5,533627.38,1144000
Oita,22181,0,0,-8,533627.38,1144000
Oita,22188,0,0,-8.25,539332.81,1144000
Oita,22195,0,0,-7.25,546940.13,1144000
Oita,22202,1,0,-4.5,546940.13,1144000
Oita,22209,0,1,-3.25,546940.13,1144000
Oita,22216,0,0,-2.75,546940.13,1144000
Oita,22223,1,0,-3.5,549846.19,1144000
Oita,22230,4,0,-.25,549846.19,1144000
Oita,22237,45,0,-1.75,549846.19,1144000
Oita,22244,64,0,-5,549846.19,1144000
Oita,22251,105,0,-10.5,549846.19,1144000
Oita,22258,130,0,-10.25,,1144000
Oita,22265,58,1,-12.75,,1144000
Oita,22272,51,1,-12.75,,1144000
Oita,22279,94,1,-30,,1144000
Oita,22286,110,1,-21.5,,1144000
Okayama,21936,0,0,,551008.81,1898000
Okayama,21943,0,0,,551486.25,1898000
Okayama,21950,0,0,,554350.81,1898000
Okayama,21957,0,0,3.75,554350.81,1898000
Okayama,21964,0,0,1.5,554350.81,1898000
Okayama,21971,0,0,1,554350.81,1898000
Okayama,21978,0,0,-7,531787,1898000
Okayama,21985,0,0,-1.75,531787,1898000
Okayama,21992,0,0,2.25,531787,1898000
Okayama,21999,3,0,2.75,531787,1898000
Okayama,22006,7,0,0,510162.03,1898000
Okayama,22013,5,0,-5.25,493943.31,1898000
Okayama,22020,3,0,-13.5,493943.31,1898000
Okayama,22027,3,0,-21.5,493943.31,1898000
Okayama,22034,2,0,-21.75,491961.38,1898000
Okayama,22041,1,0,-25.5,487006.5,1898000
Okayama,22048,1,0,-16.5,487006.5,1898000
Okayama,22055,0,0,-14.75,487006.5,1898000
Okayama,22062,0,0,-13.5,487006.5,1898000
Okayama,22069,0,0,-10.5,516091.78,1898000
Okayama,22076,0,0,-12.25,520939.31,1898000
Okayama,22083,0,0,-7.5,520939.31,1898000
Okayama,22090,1,0,-5,520939.31,1898000
Okayama,22097,2,0,-8.75,521791.72,1898000
Okayama,22104,0,0,-12.5,522431,1898000
Okayama,22111,9,0,-7.75,522431,1898000
Okayama,22118,22,0,-7,522431,1898000
Okayama,22125,27,0,-9.5,522849.81,1898000
Okayama,22132,24,0,-4.25,525362.63,1898000
Okayama,22139,15,0,-1.5,525362.63,1898000
Okayama,22146,10,0,-8.75,525362.63,1898000
Okayama,22153,10,0,-9,525362.63,1898000
Okayama,22160,1,1,-10.25,531266,1898000
Okayama,22167,0,0,-7.75,533627.38,1898000
Okayama,22174,2,0,-2,533627.38,1898000
Okayama,22181,4,0,-3.5,533627.38,1898000
Okayama,22188,6,0,-4,539332.81,1898000
Okayama,22195,5,0,-5,546940.13,1898000
Okayama,22202,9,0,-1.75,546940.13,1898000
Okayama,22209,26,0,-.5,546940.13,1898000
Okayama,22216,88,3,0,546940.13,1898000
Okayama,22223,46,3,-2.5,549846.19,1898000
Okayama,22230,47,3,-.5,549846.19,1898000
Okayama,22237,106,1,-.25,549846.19,1898000
Okayama,22244,98,0,-3.5,549846.19,1898000
Okayama,22251,62,0,-6.5,549846.19,1898000
Okayama,22258,95,0,-7,,1898000
Okayama,22265,231,1,-9.75,,1898000
Okayama,22272,274,1,-9.75,,1898000
Okayama,22279,168,2,-30.25,,1898000
Okayama,22286,362,0,-15.5,,1898000
Okinawa,21936,0,0,,551008.81,1448000
Okinawa,21943,0,0,,551486.25,1448000
Okinawa,21950,0,0,,554350.81,1448000
Okinawa,21957,1,0,3.75,554350.81,1448000
Okinawa,21964,2,0,-.25,554350.81,1448000
Okinawa,21971,0,0,-4.25,554350.81,1448000
Okinawa,21978,0,0,-16.25,531787,1448000
Okinawa,21985,0,0,-14,531787,1448000
Okinawa,21992,0,0,-9.75,531787,1448000
Okinawa,21999,5,0,-10,531787,1448000
Okinawa,22006,8,0,-15.5,510162.03,1448000
Okinawa,22013,40,0,-27.75,493943.31,1448000
Okinawa,22020,54,1,-32,493943.31,1448000
Okinawa,22027,24,3,-41.5,493943.31,1448000
Okinawa,22034,8,1,-42.25,491961.38,1448000
Okinawa,22041,0,0,-43.75,487006.5,1448000
Okinawa,22048,0,1,-39.5,487006.5,1448000
Okinawa,22055,0,0,-40.5,487006.5,1448000
Okinawa,22062,0,0,-30,487006.5,1448000
Okinawa,22069,0,1,-28,516091.78,1448000
Okinawa,22076,0,0,-25.75,520939.31,1448000
Okinawa,22083,0,0,-21.5,520939.31,1448000
Okinawa,22090,0,0,-21.75,520939.31,1448000
Okinawa,22097,0,0,-20.25,521791.72,1448000
Okinawa,22104,6,0,-18.5,522431,1448000
Okinawa,22111,1,0,-20.75,522431,1448000
Okinawa,22118,37,0,-17,522431,1448000
Okinawa,22125,267,0,-21.75,522849.81,1448000
Okinawa,22132,513,0,-28.25,525362.63,1448000
Okinawa,22139,583,4,-28.5,525362.63,1448000
Okinawa,22146,302,7,-30.5,525362.63,1448000
Okinawa,22153,219,8,-31.5,525362.63,1448000
Okinawa,22160,136,6,-34.25,531266,1448000
Okinawa,22167,72,13,-25.75,533627.38,1448000
Okinawa,22174,55,0,-21.75,533627.38,1448000
Okinawa,22181,73,1,-19,533627.38,1448000
Okinawa,22188,161,1,-22,539332.81,1448000
Okinawa,22195,160,1,-20.25,546940.13,1448000
Okinawa,22202,161,6,-17.5,546940.13,1448000
Okinawa,22209,244,4,-17.5,546940.13,1448000
Okinawa,22216,201,5,-15.25,546940.13,1448000
Okinawa,22223,155,1,-16.75,549846.19,1448000
Okinawa,22230,206,2,-17,549846.19,1448000
Okinawa,22237,272,2,-14.75,549846.19,1448000
Okinawa,22244,278,0,-15,549846.19,1448000
Okinawa,22251,287,4,-20.5,549846.19,1448000
Okinawa,22258,249,3,-20.5,,1448000
Okinawa,22265,166,2,-19.75,,1448000
Okinawa,22272,223,3,-20.75,,1448000
Okinawa,22279,254,1,-29.75,,1448000
Okinawa,22286,406,3,-25.75,,1448000
Osaka,21936,0,0,,551008.81,8813000
Osaka,21943,1,0,,551486.25,8813000
Osaka,21950,0,0,,554350.81,8813000
Osaka,21957,0,0,.5,554350.81,8813000
Osaka,21964,0,0,-2.75,554350.81,8813000
Osaka,21971,3,0,-3,554350.81,8813000
Osaka,21978,37,0,-7.75,531787,8813000
Osaka,21985,61,0,-5,531787,8813000
Osaka,21992,23,1,-.5,531787,8813000
Osaka,21999,66,1,-3.5,531787,8813000
Osaka,22006,196,2,-8.25,510162.03,8813000
Osaka,22013,379,2,-16.75,493943.31,8813000
Osaka,22020,397,4,-27,493943.31,8813000
Osaka,22027,312,18,-32.25,493943.31,8813000
Osaka,22034,181,18,-29.25,491961.38,8813000
Osaka,22041,76,13,-34,487006.5,8813000
Osaka,22048,38,11,-26.75,487006.5,8813000
Osaka,22055,11,8,-24.75,487006.5,8813000
Osaka,22062,1,5,-17.25,487006.5,8813000
Osaka,22069,2,1,-16,516091.78,8813000
Osaka,22076,2,2,-16.75,520939.31,8813000
Osaka,22083,20,0,-13.5,520939.31,8813000
Osaka,22090,10,0,-11,520939.31,8813000
Osaka,22097,63,0,-16,521791.72,8813000
Osaka,22104,116,0,-20,522431,8813000
Osaka,22111,336,0,-14.5,522431,8813000
Osaka,22118,716,2,-17.25,522431,8813000
Osaka,22125,1204,2,-17,522849.81,8813000
Osaka,22132,1322,5,-15.5,525362.63,8813000
Osaka,22139,1123,11,-23.25,525362.63,8813000
Osaka,22146,1022,23,-19.5,525362.63,8813000
Osaka,22153,709,18,-18.75,525362.63,8813000
Osaka,22160,549,16,-18.75,531266,8813000
Osaka,22167,551,14,-16.75,533627.38,8813000
Osaka,22174,474,15,-12.5,533627.38,8813000
Osaka,22181,398,9,-13.5,533627.38,8813000
Osaka,22188,371,16,-11.5,539332.81,8813000
Osaka,22195,339,6,-14.5,546940.13,8813000
Osaka,22202,355,4,-11.25,546940.13,8813000
Osaka,22209,512,6,-10.5,546940.13,8813000
Osaka,22216,777,9,-10,546940.13,8813000
Osaka,22223,923,7,-12,549846.19,8813000
Osaka,22230,1479,11,-12.5,549846.19,8813000
Osaka,22237,2004,17,-11.75,549846.19,8813000
Osaka,22244,2471,33,-13.5,549846.19,8813000
Osaka,22251,2567,42,-15.25,549846.19,8813000
Osaka,22258,2424,50,-16,,8813000
Osaka,22265,2166,71,-18.5,,8813000
Osaka,22272,1907,63,-16.75,,8813000
Osaka,22279,1825,58,-39,,8813000
Osaka,22286,3401,72,-29.5,,8813000
Saga,21936,0,0,,551008.81,819000
Saga,21943,0,0,,551486.25,819000
Saga,21950,0,0,,554350.81,819000
Saga,21957,0,0,-2.75,554350.81,819000
Saga,21964,0,0,0,554350.81,819000
Saga,21971,0,0,0,554350.81,819000
Saga,21978,0,0,-6.25,531787,819000
Saga,21985,1,0,-5.25,531787,819000
Saga,21992,0,0,-1.25,531787,819000
Saga,21999,0,0,-5.25,531787,819000
Saga,22006,5,0,0,510162.03,819000
Saga,22013,7,0,-9.25,493943.31,819000
Saga,22020,3,0,-21,493943.31,819000
Saga,22027,21,0,-25,493943.31,819000
Saga,22034,5,0,-28,491961.38,819000
Saga,22041,3,0,-29.5,487006.5,819000
Saga,22048,2,0,-18,487006.5,819000
Saga,22055,0,0,-17,487006.5,819000
Saga,22062,0,0,-14.25,487006.5,819000
Saga,22069,0,0,-11.5,516091.78,819000
Saga,22076,0,0,-12.75,520939.31,819000
Saga,22083,0,0,-10.5,520939.31,819000
Saga,22090,0,0,-8.75,520939.31,819000
Saga,22097,0,0,-10.75,521791.72,819000
Saga,22104,0,0,-21.25,522431,819000
Saga,22111,0,0,-8.75,522431,819000
Saga,22118,19,0,-8.25,522431,819000
Saga,22125,24,0,-10,522849.81,819000
Saga,22132,55,0,-8.75,525362.63,819000
Saga,22139,45,0,-10.25,525362.63,819000
Saga,22146,28,0,-12.25,525362.63,819000
Saga,22153,19,0,-13.625,525362.63,819000
Saga,22160,3,0,-15.75,531266,819000
Saga,22167,4,0,-15.25,533627.38,819000
Saga,22174,0,0,-4.75,533627.38,819000
Saga,22181,1,0,-4.25,533627.38,819000
Saga,22188,1,0,-3.5,539332.81,819000
Saga,22195,2,0,-4,546940.13,819000
Saga,22202,4,0,-1.75,546940.13,819000
Saga,22209,2,0,-.75,546940.13,819000
Saga,22216,0,0,.5,546940.13,819000
Saga,22223,14,0,-1.25,549846.19,819000
Saga,22230,10,1,1,549846.19,819000
Saga,22237,15,0,2.25,549846.19,819000
Saga,22244,14,0,-1.25,549846.19,819000
Saga,22251,29,1,-5.75,549846.19,819000
Saga,22258,42,1,-6.25,,819000
Saga,22265,31,0,-6,,819000
Saga,22272,34,0,-6.5,,819000
Saga,22279,31,0,-26.5,,819000
Saga,22286,105,0,-13.25,,819000
Saitama,21936,0,0,,551008.81,7330000
Saitama,21943,0,0,,551486.25,7330000
Saitama,21950,0,0,,554350.81,7330000
Saitama,21957,0,0,3.75,554350.81,7330000
Saitama,21964,1,0,-.75,554350.81,7330000
Saitama,21971,0,0,-2.5,554350.81,7330000
Saitama,21978,5,0,-7.75,531787,7330000
Saitama,21985,23,0,-2.5,531787,7330000
Saitama,21992,16,0,1.25,531787,7330000
Saitama,21999,34,2,2.25,531787,7330000
Saitama,22006,81,1,-11,510162.03,7330000
Saitama,22013,215,3,-19,493943.31,7330000
Saitama,22020,252,7,-23.25,493943.31,7330000
Saitama,22027,171,11,-23.75,493943.31,7330000
Saitama,22034,87,13,-25.25,491961.38,7330000
Saitama,22041,73,4,-28.5,487006.5,7330000
Saitama,22048,23,5,-23.25,487006.5,7330000
Saitama,22055,15,0,-29,487006.5,7330000
Saitama,22062,4,2,-18,487006.5,7330000
Saitama,22069,4,3,-14.75,516091.78,7330000
Saitama,22076,12,0,-13.75,520939.31,7330000
Saitama,22083,12,14,-11.5,520939.31,7330000
Saitama,22090,70,0,-10.5,520939.31,7330000
Saitama,22097,117,0,-13,521791.72,7330000
Saitama,22104,213,2,-15.25,522431,7330000
Saitama,22111,285,1,-16.25,522431,7330000
Saitama,22118,319,4,-13.75,522431,7330000
Saitama,22125,352,2,-13.75,522849.81,7330000
Saitama,22132,435,5,-11.75,525362.63,7330000
Saitama,22139,343,3,-17,525362.63,7330000
Saitama,22146,364,4,-15.5,525362.63,7330000
Saitama,22153,330,3,-14.25,525362.63,7330000
Saitama,22160,241,4,-14.25,531266,7330000
Saitama,22167,163,4,-12.5,533627.38,7330000
Saitama,22174,153,3,-9.5,533627.38,7330000
Saitama,22181,128,0,-16.75,533627.38,7330000
Saitama,22188,221,2,-7.75,539332.81,7330000
Saitama,22195,286,0,-13.25,546940.13,7330000
Saitama,22202,280,1,-10.75,546940.13,7330000
Saitama,22209,271,2,-6.75,546940.13,7330000
Saitama,22216,253,2,-6.5,546940.13,7330000
Saitama,22223,346,5,-7.5,549846.19,7330000
Saitama,22230,540,7,-7.75,549846.19,7330000
Saitama,22237,757,12,-8.5,549846.19,7330000
Saitama,22244,724,8,-10.75,549846.19,7330000
Saitama,22251,936,14,-11.75,549846.19,7330000
Saitama,22258,1139,17,-10.5,,7330000
Saitama,22265,1217,7,-12.25,,7330000
Saitama,22272,1514,16,-11.5,,7330000
Saitama,22279,1700,18,-26.75,,7330000
Saitama,22286,2685,33,-19.25,,7330000
Shiga,21936,0,0,,551008.81,1412000
Shiga,21943,0,0,,551486.25,1412000
Shiga,21950,0,0,,554350.81,1412000
Shiga,21957,0,0,3,554350.81,1412000
Shiga,21964,0,0,-2.5,554350.81,1412000
Shiga,21971,0,0,-1,554350.81,1412000
Shiga,21978,1,0,-6.25,531787,1412000
Shiga,21985,0,0,-5,531787,1412000
Shiga,21992,3,0,4.75,531787,1412000
Shiga,21999,2,0,-.25,531787,1412000
Shiga,22006,11,0,-4,510162.03,1412000
Shiga,22013,21,0,-2,493943.31,1412000
Shiga,22020,32,1,-17.75,493943.31,1412000
Shiga,22027,24,0,-26,493943.31,1412000
Shiga,22034,1,0,-25.75,491961.38,1412000
Shiga,22041,2,0,-29.25,487006.5,1412000
Shiga,22048,2,0,-22.25,487006.5,1412000
Shiga,22055,1,0,-18.25,487006.5,1412000
Shiga,22062,0,0,-12.75,487006.5,1412000
Shiga,22069,0,0,-8.5,516091.78,1412000
Shiga,22076,0,0,-10,520939.31,1412000
Shiga,22083,1,0,-9,520939.31,1412000
Shiga,22090,0,0,-1.25,520939.31,1412000
Shiga,22097,2,0,-12.25,521791.72,1412000
Shiga,22104,1,0,-13.5,522431,1412000
Shiga,22111,5,0,-7.75,522431,1412000
Shiga,22118,43,0,-4.5,522431,1412000
Shiga,22125,27,0,-8.25,522849.81,1412000
Shiga,22132,104,0,-3.25,525362.63,1412000
Shiga,22139,48,2,4.25,525362.63,1412000
Shiga,22146,53,1,-9.375,525362.63,1412000
Shiga,22153,57,1,-6.625,525362.63,1412000
Shiga,22160,21,2,-6.25,531266,1412000
Shiga,22167,9,0,-6.75,533627.38,1412000
Shiga,22174,6,0,0,533627.38,1412000
Shiga,22181,13,1,-1.75,533627.38,1412000
Shiga,22188,13,0,0,539332.81,1412000
Shiga,22195,11,0,-5.5,546940.13,1412000
Shiga,22202,8,0,-.5,546940.13,1412000
Shiga,22209,15,1,2,546940.13,1412000
Shiga,22216,15,0,3.25,546940.13,1412000
Shiga,22223,47,0,-.75,549846.19,1412000
Shiga,22230,55,0,1.75,549846.19,1412000
Shiga,22237,76,0,4,549846.19,1412000
Shiga,22244,46,0,2.5,549846.19,1412000
Shiga,22251,38,2,-2,549846.19,1412000
Shiga,22258,43,0,-3.5,,1412000
Shiga,22265,61,0,-11.5,,1412000
Shiga,22272,144,0,-10.75,,1412000
Shiga,22279,160,1,-33.75,,1412000
Shiga,22286,299,4,-17.25,,1412000
Shimane,21936,0,0,,551008.81,680000
Shimane,21943,0,0,,551486.25,680000
Shimane,21950,0,0,,554350.81,680000
Shimane,21957,0,0,5.5,554350.81,680000
Shimane,21964,0,0,-2.75,554350.81,680000
Shimane,21971,0,0,2.75,554350.81,680000
Shimane,21978,0,0,-5,531787,680000
Shimane,21985,0,0,-1,531787,680000
Shimane,21992,0,0,8,531787,680000
Shimane,21999,0,0,7.5,531787,680000
Shimane,22006,0,0,10.5,510162.03,680000
Shimane,22013,6,0,1.25,493943.31,680000
Shimane,22020,9,0,-17.75,493943.31,680000
Shimane,22027,2,0,-22,493943.31,680000
Shimane,22034,6,0,-20.25,491961.38,680000
Shimane,22041,1,0,-22.75,487006.5,680000
Shimane,22048,0,0,-14.75,487006.5,680000
Shimane,22055,0,0,-15,487006.5,680000
Shimane,22062,0,0,-9.25,487006.5,680000
Shimane,22069,0,0,-7.25,516091.78,680000
Shimane,22076,0,0,-5,520939.31,680000
Shimane,22083,0,0,-3.75,520939.31,680000
Shimane,22090,0,0,-.5,520939.31,680000
Shimane,22097,0,0,-5.25,521791.72,680000
Shimane,22104,0,0,-7.5,522431,680000
Shimane,22111,1,0,-3.5,522431,680000
Shimane,22118,3,0,2.75,522431,680000
Shimane,22125,1,0,-1.75,522849.81,680000
Shimane,22132,2,0,4,525362.63,680000
Shimane,22139,101,0,11,525362.63,680000
Shimane,22146,2,0,3,525362.63,680000
Shimane,22153,3,0,-8.333333,525362.63,680000
Shimane,22160,0,0,-8,531266,680000
Shimane,22167,0,0,-7.75,533627.38,680000
Shimane,22174,0,0,8.5,533627.38,680000
Shimane,22181,3,0,7,533627.38,680000
Shimane,22188,0,0,6.75,539332.81,680000
Shimane,22195,0,0,6.75,546940.13,680000
Shimane,22202,0,0,10.25,546940.13,680000
Shimane,22209,0,0,12.5,546940.13,680000
Shimane,22216,1,0,14.25,546940.13,680000
Shimane,22223,0,0,11,549846.19,680000
Shimane,22230,0,0,14.75,549846.19,680000
Shimane,22237,1,0,15.25,549846.19,680000
Shimane,22244,4,0,11.5,549846.19,680000
Shimane,22251,7,0,2.5,549846.19,680000
Shimane,22258,12,0,1.5,,680000
Shimane,22265,14,0,-6,,680000
Shimane,22272,15,0,-4.5,,680000
Shimane,22279,19,0,-35.25,,680000
Shimane,22286,11,0,-16.75,,680000
Shizuoka,21936,0,0,,551008.81,3659000
Shizuoka,21943,0,0,,551486.25,3659000
Shizuoka,21950,0,0,,554350.81,3659000
Shizuoka,21957,0,0,5.25,554350.81,3659000
Shizuoka,21964,0,0,4.25,554350.81,3659000
Shizuoka,21971,1,0,-.25,554350.81,3659000
Shizuoka,21978,0,0,-6.75,531787,3659000
Shizuoka,21985,2,0,-3,531787,3659000
Shizuoka,21992,0,0,-.25,531787,3659000
Shizuoka,21999,1,0,1.5,531787,3659000
Shizuoka,22006,12,0,-12.5,510162.03,3659000
Shizuoka,22013,22,0,-11.25,493943.31,3659000
Shizuoka,22020,11,0,-20.25,493943.31,3659000
Shizuoka,22027,12,0,-24.25,493943.31,3659000
Shizuoka,22034,11,1,-29,491961.38,3659000
Shizuoka,22041,0,0,-34.5,487006.5,3659000
Shizuoka,22048,0,0,-22.75,487006.5,3659000
Shizuoka,22055,1,0,-21.25,487006.5,3659000
Shizuoka,22062,2,0,-16,487006.5,3659000
Shizuoka,22069,0,0,-14.25,516091.78,3659000
Shizuoka,22076,2,0,-15.5,520939.31,3659000
Shizuoka,22083,3,0,-11.75,520939.31,3659000
Shizuoka,22090,0,0,-9.75,520939.31,3659000
Shizuoka,22097,6,0,-20,521791.72,3659000
Shizuoka,22104,6,0,-20,522431,3659000
Shizuoka,22111,12,0,-15.75,522431,3659000
Shizuoka,22118,57,0,-8.75,522431,3659000
Shizuoka,22125,128,0,-12.75,522849.81,3659000
Shizuoka,22132,67,0,-6.75,525362.63,3659000
Shizuoka,22139,54,0,2.75,525362.63,3659000
Shizuoka,22146,26,0,-8.75,525362.63,3659000
Shizuoka,22153,44,0,-11.25,525362.63,3659000
Shizuoka,22160,14,0,-13.75,531266,3659000
Shizuoka,22167,10,0,-13.75,533627.38,3659000
Shizuoka,22174,15,1,-7.75,533627.38,3659000
Shizuoka,22181,11,0,-10,533627.38,3659000
Shizuoka,22188,27,0,-6.25,539332.81,3659000
Shizuoka,22195,9,0,-12,546940.13,3659000
Shizuoka,22202,12,0,-6.75,546940.13,3659000
Shizuoka,22209,14,0,-5.75,546940.13,3659000
Shizuoka,22216,64,0,-4.25,546940.13,3659000
Shizuoka,22223,81,0,-6,549846.19,3659000
Shizuoka,22230,121,1,-6,549846.19,3659000
Shizuoka,22237,318,2,-5.25,549846.19,3659000
Shizuoka,22244,384,5,-6.25,549846.19,3659000
Shizuoka,22251,347,4,-10,549846.19,3659000
Shizuoka,22258,241,7,-9.5,,3659000
Shizuoka,22265,207,7,-11,,3659000
Shizuoka,22272,190,9,-10.5,,3659000
Shizuoka,22279,214,4,-21.25,,3659000
Shizuoka,22286,474,8,-15.25,,3659000
Tochigi,21936,0,0,,551008.81,1946000
Tochigi,21943,0,0,,551486.25,1946000
Tochigi,21950,0,0,,554350.81,1946000
Tochigi,21957,0,0,-.25,554350.81,1946000
Tochigi,21964,1,0,-.25,554350.81,1946000
Tochigi,21971,0,0,-1.5,554350.81,1946000
Tochigi,21978,1,0,-8.5,531787,1946000
Tochigi,21985,0,0,-3.25,531787,1946000
Tochigi,21992,2,0,2.5,531787,1946000
Tochigi,21999,7,0,3.5,531787,1946000
Tochigi,22006,6,0,-7.75,510162.03,1946000
Tochigi,22013,18,0,-12,493943.31,1946000
Tochigi,22020,9,0,-19.5,493943.31,1946000
Tochigi,22027,8,0,-24,493943.31,1946000
Tochigi,22034,2,0,-27,491961.38,1946000
Tochigi,22041,2,0,-25.5,487006.5,1946000
Tochigi,22048,4,0,-18.25,487006.5,1946000
Tochigi,22055,4,0,-21.75,487006.5,1946000
Tochigi,22062,1,0,-13,487006.5,1946000
Tochigi,22069,1,0,-11,516091.78,1946000
Tochigi,22076,0,0,-9.5,520939.31,1946000
Tochigi,22083,0,0,-7,520939.31,1946000
Tochigi,22090,3,0,-7.5,520939.31,1946000
Tochigi,22097,17,0,-9.75,521791.72,1946000
Tochigi,22104,7,0,-11.5,522431,1946000
Tochigi,22111,31,0,-9.5,522431,1946000
Tochigi,22118,35,0,-5.5,522431,1946000
Tochigi,22125,36,0,-9.5,522849.81,1946000
Tochigi,22132,48,0,-3.5,525362.63,1946000
Tochigi,22139,26,1,2.25,525362.63,1946000
Tochigi,22146,19,0,-6.75,525362.63,1946000
Tochigi,22153,15,0,-7.5,525362.63,1946000
Tochigi,22160,6,0,-11,531266,1946000
Tochigi,22167,29,0,-7,533627.38,1946000
Tochigi,22174,47,0,-4.25,533627.38,1946000
Tochigi,22181,41,0,-9.75,533627.38,1946000
Tochigi,22188,8,0,-2.75,539332.81,1946000
Tochigi,22195,10,0,-4.75,546940.13,1946000
Tochigi,22202,19,0,-.75,546940.13,1946000
Tochigi,22209,13,0,3.5,546940.13,1946000
Tochigi,22216,13,0,6.25,546940.13,1946000
Tochigi,22223,9,0,3.25,549846.19,1946000
Tochigi,22230,15,1,2.25,549846.19,1946000
Tochigi,22237,45,0,0,549846.19,1946000
Tochigi,22244,61,0,-3.5,549846.19,1946000
Tochigi,22251,113,0,-8,549846.19,1946000
Tochigi,22258,128,1,-7.5,,1946000
Tochigi,22265,142,2,-8.75,,1946000
Tochigi,22272,205,1,-7.75,,1946000
Tochigi,22279,383,0,-16.5,,1946000
Tochigi,22286,802,3,-12,,1946000
Tokushima,21936,0,0,,551008.81,736000
Tokushima,21943,0,0,,551486.25,736000
Tokushima,21950,0,0,,554350.81,736000
Tokushima,21957,0,0,.75,554350.81,736000
Tokushima,21964,0,0,1,554350.81,736000
Tokushima,21971,1,0,.25,554350.81,736000
Tokushima,21978,0,0,-7.25,531787,736000
Tokushima,21985,0,0,-4.25,531787,736000
Tokushima,21992,0,0,1.75,531787,736000
Tokushima,21999,0,0,4.75,531787,736000
Tokushima,22006,2,0,0,510162.03,736000
Tokushima,22013,0,0,-3.5,493943.31,736000
Tokushima,22020,0,0,-17.5,493943.31,736000
Tokushima,22027,2,0,-19.75,493943.31,736000
Tokushima,22034,0,1,-20.5,491961.38,736000
Tokushima,22041,0,0,-24.5,487006.5,736000
Tokushima,22048,0,0,-16.5,487006.5,736000
Tokushima,22055,0,0,-15.5,487006.5,736000
Tokushima,22062,0,0,-12.75,487006.5,736000
Tokushima,22069,0,0,-10.75,516091.78,736000
Tokushima,22076,0,0,-14.75,520939.31,736000
Tokushima,22083,0,0,-9.25,520939.31,736000
Tokushima,22090,1,0,-5,520939.31,736000
Tokushima,22097,0,0,-7,521791.72,736000
Tokushima,22104,4,0,-12.25,522431,736000
Tokushima,22111,0,0,-6.75,522431,736000
Tokushima,22118,2,0,-4.75,522431,736000
Tokushima,22125,14,0,-7,522849.81,736000
Tokushima,22132,31,0,-5.5,525362.63,736000
Tokushima,22139,29,0,1,525362.63,736000
Tokushima,22146,18,1,-7.75,525362.63,736000
Tokushima,22153,24,2,-13.666667,525362.63,736000
Tokushima,22160,17,0,-14,531266,736000
Tokushima,22167,2,4,-13.375,533627.38,736000
Tokushima,22174,0,1,-1.75,533627.38,736000
Tokushima,22181,0,0,-4,533627.38,736000
Tokushima,22188,1,0,-2,539332.81,736000
Tokushima,22195,1,0,-3.75,546940.13,736000
Tokushima,22202,9,0,.5,546940.13,736000
Tokushima,22209,6,0,1.25,546940.13,736000
Tokushima,22216,0,0,1.75,546940.13,736000
Tokushima,22223,3,0,-.75,549846.19,736000
Tokushima,22230,4,0,1.25,549846.19,736000
Tokushima,22237,7,0,2,549846.19,736000
Tokushima,22244,3,0,-.5,549846.19,736000
Tokushima,22251,4,0,-4,549846.19,736000
Tokushima,22258,2,0,-4.75,,736000
Tokushima,22265,2,0,-7.25,,736000
Tokushima,22272,6,0,-6.5,,736000
Tokushima,22279,4,0,-21.25,,736000
Tokushima,22286,27,0,-14.25,,736000
Tokyo,21936,2,0,,551008.81,13822000
Tokyo,21943,1,0,,551486.25,13822000
Tokyo,21950,0,0,,554350.81,13822000
Tokyo,21957,11,0,3,554350.81,13822000
Tokyo,21964,15,0,-2.75,554350.81,13822000
Tokyo,21971,8,1,-6.25,554350.81,13822000
Tokyo,21978,27,0,-12.75,531787,13822000
Tokyo,21985,23,1,-8.5,531787,13822000
Tokyo,21992,49,2,-4.5,531787,13822000
Tokyo,21999,228,3,-6.75,531787,13822000
Tokyo,22006,537,16,-23.25,510162.03,13822000
Tokyo,22013,1049,17,-34.25,493943.31,13822000
Tokyo,22020,1103,28,-40.25,493943.31,13822000
Tokyo,22027,879,32,-43,493943.31,13822000
Tokyo,22034,661,41,-43.5,491961.38,13822000
Tokyo,22041,372,39,-43,487006.5,13822000
Tokyo,22048,127,50,-39.25,487006.5,13822000
Tokyo,22055,41,41,-43.25,487006.5,13822000
Tokyo,22062,93,33,-32.5,487006.5,13822000
Tokyo,22069,138,7,-27.25,516091.78,13822000
Tokyo,22076,128,3,-25.75,520939.31,13822000
Tokyo,22083,253,6,-24.25,520939.31,13822000
Tokyo,22090,308,5,-22.25,520939.31,13822000
Tokyo,22097,601,0,-27,521791.72,13822000
Tokyo,22104,1067,0,-25,522431,13822000
Tokyo,22111,1501,1,-27.25,522431,13822000
Tokyo,22118,1752,2,-25,522431,13822000
Tokyo,22125,2187,4,-25,522849.81,13822000
Tokyo,22132,2372,1,-23.5,525362.63,13822000
Tokyo,22139,1918,5,-32.5,525362.63,13822000
Tokyo,22146,1667,12,-27,525362.63,13822000
Tokyo,22153,1448,8,-25,525362.63,13822000
Tokyo,22160,1087,11,-24.75,531266,13822000
Tokyo,22167,1200,13,-23,533627.38,13822000
Tokyo,22174,1189,8,-19.25,533627.38,13822000
Tokyo,22181,1063,10,-26.5,533627.38,13822000
Tokyo,22188,1262,11,-16.75,539332.81,13822000
Tokyo,22195,1187,10,-22.5,546940.13,13822000
Tokyo,22202,1269,13,-20.25,546940.13,13822000
Tokyo,22209,1066,11,-17.25,546940.13,13822000
Tokyo,22216,1193,10,-17.25,546940.13,13822000
Tokyo,22223,1339,6,-18,549846.19,13822000
Tokyo,22230,2072,9,-17.75,549846.19,13822000
Tokyo,22237,2809,8,-18.5,549846.19,13822000
Tokyo,22244,2901,10,-19.5,549846.19,13822000
Tokyo,22251,3163,23,-21.5,549846.19,13822000
Tokyo,22258,3364,24,-20.5,,13822000
Tokyo,22265,4141,31,-22.25,,13822000
Tokyo,22272,4980,41,-21.25,,13822000
Tokyo,22279,5923,24,-40.25,,13822000
Tokyo,22286,11676,51,-32.5,,13822000
Tottori,21936,0,0,,551008.81,560000
Tottori,21943,0,0,,551486.25,560000
Tottori,21950,0,0,,554350.81,560000
Tottori,21957,0,0,5.75,554350.81,560000
Tottori,21964,0,0,-1.25,554350.81,560000
Tottori,21971,0,0,2.75,554350.81,560000
Tottori,21978,0,0,-5.5,531787,560000
Tottori,21985,0,0,-2.25,531787,560000
Tottori,21992,0,0,8.5,531787,560000
Tottori,21999,0,0,6,531787,560000
Tottori,22006,0,0,3.5,510162.03,560000
Tottori,22013,1,0,-3.5,493943.31,560000
Tottori,22020,2,0,-15.25,493943.31,560000
Tottori,22027,0,0,-19.5,493943.31,560000
Tottori,22034,0,0,-18.5,491961.38,560000
Tottori,22041,0,0,-21.5,487006.5,560000
Tottori,22048,0,0,-13.75,487006.5,560000
Tottori,22055,0,0,-12.75,487006.5,560000
Tottori,22062,0,0,-7.75,487006.5,560000
Tottori,22069,0,0,-6.75,516091.78,560000
Tottori,22076,0,0,-5.75,520939.31,560000
Tottori,22083,0,0,-4,520939.31,560000
Tottori,22090,0,0,.25,520939.31,560000
Tottori,22097,1,0,-2.75,521791.72,560000
Tottori,22104,0,0,-5,522431,560000
Tottori,22111,1,0,-2,522431,560000
Tottori,22118,1,0,3.75,522431,560000
Tottori,22125,10,0,-2.25,522849.81,560000
Tottori,22132,5,0,-2,525362.63,560000
Tottori,22139,0,0,12.5,525362.63,560000
Tottori,22146,1,0,-2,525362.63,560000
Tottori,22153,0,0,-8.333333,525362.63,560000
Tottori,22160,0,0,-8.666667,531266,560000
Tottori,22167,9,0,-6.125,533627.38,560000
Tottori,22174,4,0,1.75,533627.38,560000
Tottori,22181,0,0,3,533627.38,560000
Tottori,22188,0,0,2.25,539332.81,560000
Tottori,22195,0,0,-.75,546940.13,560000
Tottori,22202,0,0,3.5,546940.13,560000
Tottori,22209,0,0,7.75,546940.13,560000
Tottori,22216,3,0,8.75,546940.13,560000
Tottori,22223,5,0,5.25,549846.19,560000
Tottori,22230,9,0,7.5,549846.19,560000
Tottori,22237,1,0,5.5,549846.19,560000
Tottori,22244,5,0,1.25,549846.19,560000
Tottori,22251,5,0,-5,549846.19,560000
Tottori,22258,4,0,-1,,560000
Tottori,22265,2,0,-12.75,,560000
Tottori,22272,18,0,-9,,560000
Tottori,22279,36,0,-32.5,,560000
Tottori,22286,42,1,-20.75,,560000
Toyama,21936,0,0,,551008.81,1050000
Toyama,21943,0,0,,551486.25,1050000
Toyama,21950,0,0,,554350.81,1050000
Toyama,21957,0,0,5.75,554350.81,1050000
Toyama,21964,0,0,-.25,554350.81,1050000
Toyama,21971,0,0,-.5,554350.81,1050000
Toyama,21978,0,0,-5,531787,1050000
Toyama,21985,0,0,-7.5,531787,1050000
Toyama,21992,0,0,-2.75,531787,1050000
Toyama,21999,0,0,-2.75,531787,1050000
Toyama,22006,10,0,-1.75,510162.03,1050000
Toyama,22013,20,0,-6.5,493943.31,1050000
Toyama,22020,61,1,-15.75,493943.31,1050000
Toyama,22027,84,3,-28,493943.31,1050000
Toyama,22034,34,6,-22.25,491961.38,1050000
Toyama,22041,12,4,-21,487006.5,1050000
Toyama,22048,4,4,-17.25,487006.5,1050000
Toyama,22055,2,3,-14.75,487006.5,1050000
Toyama,22062,0,1,-8.25,487006.5,1050000
Toyama,22069,0,0,-7.5,516091.78,1050000
Toyama,22076,0,0,-7.25,520939.31,1050000
Toyama,22083,0,0,-3,520939.31,1050000
Toyama,22090,0,0,-.5,520939.31,1050000
Toyama,22097,1,0,-4.25,521791.72,1050000
Toyama,22104,2,0,-9,522431,1050000
Toyama,22111,1,0,-6.25,522431,1050000
Toyama,22118,4,0,1,522431,1050000
Toyama,22125,8,0,-3.25,522849.81,1050000
Toyama,22132,39,0,.5,525362.63,1050000
Toyama,22139,25,0,4,525362.63,1050000
Toyama,22146,32,1,-3.5,525362.63,1050000
Toyama,22153,43,0,-3,525362.63,1050000
Toyama,22160,20,2,-4,531266,1050000
Toyama,22167,6,0,-2.25,533627.38,1050000
Toyama,22174,2,0,6.5,533627.38,1050000
Toyama,22181,2,0,6.25,533627.38,1050000
Toyama,22188,10,1,6.25,539332.81,1050000
Toyama,22195,0,0,3.5,546940.13,1050000
Toyama,22202,0,0,5.25,546940.13,1050000
Toyama,22209,0,0,6.75,546940.13,1050000
Toyama,22216,1,0,11.25,546940.13,1050000
Toyama,22223,1,0,2.5,549846.19,1050000
Toyama,22230,3,0,5,549846.19,1050000
Toyama,22237,15,0,6.25,549846.19,1050000
Toyama,22244,16,0,.5,549846.19,1050000
Toyama,22251,4,0,-4.5,549846.19,1050000
Toyama,22258,11,0,-2,,1050000
Toyama,22265,19,0,-10,,1050000
Toyama,22272,49,0,-8.25,,1050000
Toyama,22279,31,0,-34.25,,1050000
Toyama,22286,134,0,-20.75,,1050000
Wakayama,21936,0,0,,551008.81,935000
Wakayama,21943,0,0,,551486.25,935000
Wakayama,21950,0,0,,554350.81,935000
Wakayama,21957,5,0,-4,554350.81,935000
Wakayama,21964,8,0,-1.25,554350.81,935000
Wakayama,21971,0,1,-2,554350.81,935000
Wakayama,21978,1,0,-5.75,531787,935000
Wakayama,21985,0,0,-1.5,531787,935000
Wakayama,21992,3,0,3.75,531787,935000
Wakayama,21999,0,0,4,531787,935000
Wakayama,22006,5,0,-1,510162.03,935000
Wakayama,22013,16,0,-5.5,493943.31,935000
Wakayama,22020,7,0,-17.75,493943.31,935000
Wakayama,22027,12,0,-20,493943.31,935000
Wakayama,22034,5,1,-22.25,491961.38,935000
Wakayama,22041,0,0,-24.75,487006.5,935000
Wakayama,22048,1,1,-19,487006.5,935000
Wakayama,22055,0,0,-15.25,487006.5,935000
Wakayama,22062,0,0,-12.5,487006.5,935000
Wakayama,22069,0,0,-8.5,516091.78,935000
Wakayama,22076,0,0,-11.75,520939.31,935000
Wakayama,22083,0,0,-6.5,520939.31,935000
Wakayama,22090,1,0,-2.5,520939.31,935000
Wakayama,22097,0,0,-7.75,521791.72,935000
Wakayama,22104,11,0,-15.25,522431,935000
Wakayama,22111,14,0,-6,522431,935000
Wakayama,22118,27,0,-2,522431,935000
Wakayama,22125,47,0,-3.75,522849.81,935000
Wakayama,22132,11,0,-.5,525362.63,935000
Wakayama,22139,20,1,18.75,525362.63,935000
Wakayama,22146,31,0,1,525362.63,935000
Wakayama,22153,5,0,-11.333333,525362.63,935000
Wakayama,22160,2,0,-13,531266,935000
Wakayama,22167,4,0,-5.125,533627.38,935000
Wakayama,22174,0,0,-1.5,533627.38,935000
Wakayama,22181,2,0,-4,533627.38,935000
Wakayama,22188,4,0,-.5,539332.81,935000
Wakayama,22195,7,0,-4.25,546940.13,935000
Wakayama,22202,6,0,1.5,546940.13,935000
Wakayama,22209,15,0,2.5,546940.13,935000
Wakayama,22216,5,0,3.75,546940.13,935000
Wakayama,22223,11,0,-.25,549846.19,935000
Wakayama,22230,32,0,1.75,549846.19,935000
Wakayama,22237,61,0,1.75,549846.19,935000
Wakayama,22244,57,2,-1.25,549846.19,935000
Wakayama,22251,54,1,-5.25,549846.19,935000
Wakayama,22258,61,0,-5.5,,935000
Wakayama,22265,22,0,-10.25,,935000
Wakayama,22272,21,0,-10,,935000
Wakayama,22279,46,0,-26.25,,935000
Wakayama,22286,108,1,-15.75,,935000
Yamagata,21936,0,0,,551008.81,1090000
Yamagata,21943,0,0,,551486.25,1090000
Yamagata,21950,0,0,,554350.81,1090000
Yamagata,21957,0,0,3.5,554350.81,1090000
Yamagata,21964,0,0,-.75,554350.81,1090000
Yamagata,21971,0,0,.25,554350.81,1090000
Yamagata,21978,0,0,-10.25,531787,1090000
Yamagata,21985,0,0,-6.25,531787,1090000
Yamagata,21992,0,0,-2,531787,1090000
Yamagata,21999,0,0,-2.75,531787,1090000
Yamagata,22006,10,0,-2.25,510162.03,1090000
Yamagata,22013,23,0,-11.5,493943.31,1090000
Yamagata,22020,27,0,-6.75,493943.31,1090000
Yamagata,22027,6,0,-22.25,493943.31,1090000
Yamagata,22034,2,0,-18.5,491961.38,1090000
Yamagata,22041,1,0,-15.5,487006.5,1090000
Yamagata,22048,0,0,-9,487006.5,1090000
Yamagata,22055,0,0,-11.5,487006.5,1090000
Yamagata,22062,0,0,-1.5,487006.5,1090000
Yamagata,22069,0,0,.25,516091.78,1090000
Yamagata,22076,0,0,1.75,520939.31,1090000
Yamagata,22083,0,0,1,520939.31,1090000
Yamagata,22090,0,0,7.5,520939.31,1090000
Yamagata,22097,1,0,1,521791.72,1090000
Yamagata,22104,1,1,-3,522431,1090000
Yamagata,22111,4,0,.25,522431,1090000
Yamagata,22118,0,0,7,522431,1090000
Yamagata,22125,1,0,-2,522849.81,1090000
Yamagata,22132,0,0,4.75,525362.63,1090000
Yamagata,22139,0,0,14.5,525362.63,1090000
Yamagata,22146,1,0,2.5,525362.63,1090000
Yamagata,22153,0,0,-6.3333335,525362.63,1090000
Yamagata,22160,1,0,-6.6666665,531266,1090000
Yamagata,22167,0,0,5.625,533627.38,1090000
Yamagata,22174,0,0,11.5,533627.38,1090000
Yamagata,22181,0,0,16,533627.38,1090000
Yamagata,22188,0,0,10.25,539332.81,1090000
Yamagata,22195,3,0,9.25,546940.13,1090000
Yamagata,22202,0,0,12.25,546940.13,1090000
Yamagata,22209,3,0,15,546940.13,1090000
Yamagata,22216,2,0,13.5,546940.13,1090000
Yamagata,22223,0,0,8,549846.19,1090000
Yamagata,22230,10,0,6.5,549846.19,1090000
Yamagata,22237,11,0,11.5,549846.19,1090000
Yamagata,22244,15,0,5.25,549846.19,1090000
Yamagata,22251,36,0,-3.25,549846.19,1090000
Yamagata,22258,82,0,-5.25,,1090000
Yamagata,22265,69,1,-10.5,,1090000
Yamagata,22272,52,2,-8.25,,1090000
Yamagata,22279,30,5,-27.75,,1090000
Yamagata,22286,39,1,-19.25,,1090000
Yamaguchi,21936,0,0,,551008.81,1370000
Yamaguchi,21943,0,0,,551486.25,1370000
Yamaguchi,21950,0,0,,554350.81,1370000
Yamaguchi,21957,0,0,4.25,554350.81,1370000
Yamaguchi,21964,0,0,.75,554350.81,1370000
Yamaguchi,21971,0,0,2.5,554350.81,1370000
Yamaguchi,21978,3,0,-4.75,531787,1370000
Yamaguchi,21985,0,0,-3,531787,1370000
Yamaguchi,21992,0,0,2.5,531787,1370000
Yamaguchi,21999,3,0,-2.25,531787,1370000
Yamaguchi,22006,2,0,4.25,510162.03,1370000
Yamaguchi,22013,11,0,-4.5,493943.31,1370000
Yamaguchi,22020,11,0,-20.25,493943.31,1370000
Yamaguchi,22027,1,0,-20.5,493943.31,1370000
Yamaguchi,22034,3,0,-21.5,491961.38,1370000
Yamaguchi,22041,3,0,-25.75,487006.5,1370000
Yamaguchi,22048,0,0,-15,487006.5,1370000
Yamaguchi,22055,0,0,-14.5,487006.5,1370000
Yamaguchi,22062,0,0,-11,487006.5,1370000
Yamaguchi,22069,0,0,-10,516091.78,1370000
Yamaguchi,22076,0,0,-10.75,520939.31,1370000
Yamaguchi,22083,0,0,-7,520939.31,1370000
Yamaguchi,22090,0,0,-4.5,520939.31,1370000
Yamaguchi,22097,0,0,-8.5,521791.72,1370000
Yamaguchi,22104,0,0,-13.5,522431,1370000
Yamaguchi,22111,5,0,-8,522431,1370000
Yamaguchi,22118,5,0,-6,522431,1370000
Yamaguchi,22125,11,0,-7.75,522849.81,1370000
Yamaguchi,22132,12,0,-3.5,525362.63,1370000
Yamaguchi,22139,12,0,-1.5,525362.63,1370000
Yamaguchi,22146,25,0,-7.5,525362.63,1370000
Yamaguchi,22153,51,0,-9.25,525362.63,1370000
Yamaguchi,22160,23,0,-11.25,531266,1370000
Yamaguchi,22167,13,1,-13.25,533627.38,1370000
Yamaguchi,22174,1,0,-3.25,533627.38,1370000
Yamaguchi,22181,1,1,-4.25,533627.38,1370000
Yamaguchi,22188,5,0,-3.25,539332.81,1370000
Yamaguchi,22195,8,0,-3.75,546940.13,1370000
Yamaguchi,22202,0,0,-.75,546940.13,1370000
Yamaguchi,22209,4,0,-2,546940.13,1370000
Yamaguchi,22216,0,0,-1.75,546940.13,1370000
Yamaguchi,22223,12,0,-4,549846.19,1370000
Yamaguchi,22230,33,0,-2.25,549846.19,1370000
Yamaguchi,22237,84,0,-2.5,549846.19,1370000
Yamaguchi,22244,39,0,-4.25,549846.19,1370000
Yamaguchi,22251,28,0,-8,549846.19,1370000
Yamaguchi,22258,24,0,-8.25,,1370000
Yamaguchi,22265,25,0,-9.75,,1370000
Yamaguchi,22272,58,1,-11.25,,1370000
Yamaguchi,22279,76,0,-30.25,,1370000
Yamaguchi,22286,93,0,-16,,1370000
Yamanashi,21936,0,0,,551008.81,817000
Yamanashi,21943,0,0,,551486.25,817000
Yamanashi,21950,0,0,,554350.81,817000
Yamanashi,21957,0,0,1,554350.81,817000
Yamanashi,21964,0,0,.5,554350.81,817000
Yamanashi,21971,0,0,-1.5,554350.81,817000
Yamanashi,21978,2,0,-9.5,531787,817000
Yamanashi,21985,0,0,-7.25,531787,817000
Yamanashi,21992,0,0,-.5,531787,817000
Yamanashi,21999,2,0,-1.5,531787,817000
Yamanashi,22006,8,0,-13.75,510162.03,817000
Yamanashi,22013,21,0,-15.5,493943.31,817000
Yamanashi,22020,15,0,-26.25,493943.31,817000
Yamanashi,22027,4,0,-28.25,493943.31,817000
Yamanashi,22034,3,0,-31.5,491961.38,817000
Yamanashi,22041,1,0,-35,487006.5,817000
Yamanashi,22048,1,0,-27,487006.5,817000
Yamanashi,22055,3,0,-27.75,487006.5,817000
Yamanashi,22062,4,1,-20,487006.5,817000
Yamanashi,22069,2,0,-17.75,516091.78,817000
Yamanashi,22076,4,0,-16.5,520939.31,817000
Yamanashi,22083,2,0,-14.5,520939.31,817000
Yamanashi,22090,2,0,-7,520939.31,817000
Yamanashi,22097,1,0,-15,521791.72,817000
Yamanashi,22104,1,0,-15,522431,817000
Yamanashi,22111,1,0,-12.25,522431,817000
Yamanashi,22118,9,0,-4.25,522431,817000
Yamanashi,22125,15,0,-8,522849.81,817000
Yamanashi,22132,28,0,6.25,525362.63,817000
Yamanashi,22139,11,0,36.25,525362.63,817000
Yamanashi,22146,24,0,4.125,525362.63,817000
Yamanashi,22153,8,2,2.75,525362.63,817000
Yamanashi,22160,3,2,1,531266,817000
Yamanashi,22167,4,0,-3.25,533627.38,817000
Yamanashi,22174,1,1,6.75,533627.38,817000
Yamanashi,22181,1,0,-5.75,533627.38,817000
Yamanashi,22188,13,0,6.25,539332.81,817000
Yamanashi,22195,2,0,-1.25,546940.13,817000
Yamanashi,22202,3,0,2.5,546940.13,817000
Yamanashi,22209,4,0,8.25,546940.13,817000
Yamanashi,22216,13,0,10.75,546940.13,817000
Yamanashi,22223,17,0,12.25,549846.19,817000
Yamanashi,22230,48,0,13.75,549846.19,817000
Yamanashi,22237,33,1,10.75,549846.19,817000
Yamanashi,22244,24,1,1.5,549846.19,817000
Yamanashi,22251,75,1,-6.25,549846.19,817000
Yamanashi,22258,38,0,-7.5,,817000
Yamanashi,22265,33,1,-8.75,,817000
Yamanashi,22272,34,1,-9.25,,817000
Yamanashi,22279,63,0,-18.25,,817000
Yamanashi,22286,151,0,-14.5,,817000
